annotation_id,conversation_id,evidence_complete,ec_probability,ec_prediction
116,191589,NO,0.2758845389140661,NO
92,785789,NO,0.2669073023580752,NO
16,575311,NO,0.7729748106226552,YES
58,436906,NO,0.7795014002491768,YES
124,2469406,YES,0.299799810123543,NO
6,108167,NO,0.6352876937427074,YES
194,970632,NO,0.5736624072765943,YES
197,838573,YES,0.5268322122580829,YES
89,480449,NO,0.422855484980776,NO
186,1983638,NO,0.6383080406847068,YES
192,311046,YES,0.5134237676087023,YES
169,1767527,NO,0.4553023736866859,NO
91,1773832,NO,0.7167813752198974,YES
81,745999,NO,0.7233536115018909,YES
107,377467,NO,0.21021257662218562,NO
147,2710355,NO,0.655609281172096,YES
189,513546,YES,0.47227187926188197,NO
119,1080303,YES,0.6425995420586776,YES
45,1666207,NO,0.7016008195246587,YES
152,1736150,NO,0.765096699281253,YES
25,2927074,NO,0.37659329676635145,NO
57,170894,NO,0.3947656305273098,NO
43,2213789,YES,0.387251683265788,NO
128,1349077,YES,0.25809551439991435,NO
114,1034249,NO,0.24168315037429183,NO
120,695119,NO,0.6906595925868099,YES
198,2747173,NO,0.6728021479311661,YES
195,505803,NO,0.3920470140143304,NO
100,1742679,NO,0.705642888306607,YES
13,2129938,NO,0.8055395042462621,YES
66,327026,NO,0.732911264776262,YES
72,2394498,NO,0.34801895760333945,NO
132,358786,NO,0.7786787314834931,YES
7,2053570,NO,0.18593666913043347,NO
47,1731188,NO,0.4650455387786501,NO
187,1208365,NO,0.4413472161992079,NO
127,1416039,YES,0.5412903635761935,YES
32,1922923,NO,0.3920470140143304,NO
118,191621,NO,0.3435898419760067,NO
31,972287,NO,0.2593554687512069,NO
111,1137322,NO,0.4969795747553114,NO
83,2280500,YES,0.7795014002491768,YES
103,1347549,YES,0.7127110962382874,YES
166,1605135,NO,0.511293263018205,YES
12,2764438,YES,0.5224757432994638,YES
77,2278373,NO,0.21993447837096838,NO
54,306929,NO,0.27132483329760837,NO
139,2288561,YES,0.4316706707264121,NO
200,230072,NO,0.5781138010353455,YES
19,2385836,NO,0.3133541373002943,NO
164,2184781,NO,0.18937360839760933,NO
150,1936464,NO,0.4020748907332905,NO
85,38802,YES,0.6003509592959486,YES
134,197806,NO,0.2770273084575514,NO
171,2621028,YES,0.7280390037655315,YES
190,289006,YES,0.47227187926188197,NO
53,352903,YES,0.3504907377484309,NO
105,231745,NO,0.7271963177238847,YES
46,1279904,NO,0.5748826212861206,YES
115,507114,YES,0.7668160202352011,YES
42,2187356,NO,0.6589435872603638,YES
24,340859,NO,0.6194949418183895,YES
161,511713,NO,0.25348547594653925,NO
172,1737617,NO,0.24729566799991526,NO
173,582618,NO,0.27814710149160427,NO
170,418435,NO,0.5718304078082843,YES
178,888340,NO,0.4595460026755218,NO
143,2602238,YES,0.24457195221595654,NO
95,1212685,YES,0.4917904818265708,NO
51,380430,YES,0.3456614554410457,NO
129,2899668,YES,0.34562548880193883,NO
40,1325479,YES,0.6589435872603638,YES
60,549485,YES,0.7689938946514551,YES
121,394424,NO,0.433060137901588,NO
108,1734582,YES,0.6276950433857967,YES
163,1113536,YES,0.6760897199610237,YES
125,626860,NO,0.23352437532689319,NO
10,1604981,YES,0.27814710149160427,NO
75,2868358,YES,0.5834931468482872,YES
199,132373,NO,0.5365020419850614,YES
63,1432252,YES,0.6003509592959486,YES
175,19440,YES,0.3500347214502942,NO
167,460023,NO,0.7620027816314653,YES
123,387119,YES,0.3044948570494839,NO
142,578409,NO,0.49368496936644884,NO
82,863372,YES,0.5811863651960149,YES
11,21873,YES,0.23352437532689319,NO
64,462534,YES,0.657002109909027,YES
177,183557,YES,0.7795014002491768,YES
101,1458044,NO,0.27288526559751597,NO
137,115916,YES,0.5038086283485671,YES
188,246407,NO,0.4064577124719942,NO
130,1445390,NO,0.38500875638325305,NO
17,1120448,YES,0.6784506506293645,YES
73,2915803,YES,0.6755500709351564,YES
148,726333,NO,0.6603813266746544,YES
55,2545391,YES,0.7772571626864746,YES
1,869856,NO,0.5966505360572316,YES
99,2011963,YES,0.21392738270167788,NO
151,1608593,NO,0.40705989025906025,NO
93,619973,YES,0.4650455387786501,NO
156,2724491,NO,0.40789069897056185,NO
5,2974816,YES,0.6609601432828972,YES
168,1578308,NO,0.25207142082254236,NO
126,2632946,YES,0.526210094097614,YES
98,760425,YES,0.45814022735089943,NO
154,1120423,YES,0.6864610910742671,YES
9,239427,NO,0.31506692786630264,NO
84,2855169,YES,0.7102990593871435,YES
160,848196,YES,0.7729748106226552,YES
86,2290929,YES,0.5834931468482872,YES
87,2910317,YES,0.7152591122681028,YES
14,845680,YES,0.39297140422826055,NO
35,792046,YES,0.3715729979252376,NO
174,1753347,YES,0.5973535295713931,YES
94,1321660,YES,0.6755500709351564,YES
181,950260,NO,0.3469029472708006,NO
34,2790617,YES,0.6755500709351564,YES
22,492239,NO,0.18937360839760933,NO
133,975060,YES,0.3566050044764532,NO
191,372168,YES,0.5540748963355103,YES
88,2450868,YES,0.4917904818265708,NO
122,2787693,NO,0.38500875638325305,NO
109,1370162,YES,0.2873230108458302,NO
104,1212741,NO,0.20330959326973425,NO
146,2379749,YES,0.6718831808248027,YES
38,2959926,YES,0.6945167908265891,YES
159,279987,YES,0.37223369988443483,NO
70,2429494,YES,0.6654195957539036,YES
90,2789030,YES,0.5274542471105759,YES
3,907089,NO,0.1759151357680838,NO
20,1445421,YES,0.5403078135261442,YES
68,897610,NO,0.24676150158671945,NO
176,2926326,YES,0.563751159150994,YES
52,1430379,YES,0.6519033946019759,YES
79,1043150,NO,0.31844324137462143,NO
44,727818,YES,0.6589435872603638,YES
65,493271,YES,0.6702306208602807,YES
67,1264452,YES,0.6755500709351564,YES
144,1701059,YES,0.7795014002491768,YES
62,830139,NO,0.266419298666242,NO
21,379772,YES,0.5958132871509108,YES
145,915403,YES,0.45898933576084605,NO
155,2332742,YES,0.5156970708844192,YES
184,2964021,YES,0.44751545195029563,NO
15,1699752,YES,0.4298271896179111,NO
141,2827333,NO,0.24972631075828866,NO
140,1483559,YES,0.41025241214509045,NO
76,1616321,NO,0.6142815693403457,YES
80,1034668,NO,0.40789069897056185,NO
