annotation_id,conversation_id,human_evidence_complete,query_intent,query_state,policy,selected_conversation_id,selected_semantic_similarity,selected_ec_score,selected_intent_score,selected_state_score,selected_evidence_tier,candidate_pool_size,source_excluded
116,191589,NO,account,unknown,semantic_only,519705,0.6907538175582886,0.805,1.0,0.0,HIGH,20,True
116,191589,NO,account,unknown,semantic_intent,519705,0.6907538175582886,0.805,1.0,0.0,HIGH,20,True
116,191589,NO,account,unknown,semantic_ec,519705,0.6907538175582886,0.805,1.0,0.0,HIGH,20,True
116,191589,NO,account,unknown,full,519705,0.6907538175582886,0.805,1.0,0.0,HIGH,20,True
92,785789,NO,refund,refund,semantic_only,1069953,0.8121969103813171,0.52,0.0,0.0,MEDIUM,20,True
92,785789,NO,refund,refund,semantic_intent,1069953,0.8121969103813171,0.52,0.0,0.0,MEDIUM,20,True
92,785789,NO,refund,refund,semantic_ec,324395,0.7678593397140503,0.865,0.0,0.0,HIGH,20,True
92,785789,NO,refund,refund,full,2747101,0.7659727931022644,0.82,0.0,0.5,HIGH,20,True
16,575311,NO,unknown,not_received,semantic_only,878783,0.7669117450714111,0.715,0.0,0.0,MEDIUM,20,True
16,575311,NO,unknown,not_received,semantic_intent,878783,0.7669117450714111,0.715,0.0,0.0,MEDIUM,20,True
16,575311,NO,unknown,not_received,semantic_ec,2308339,0.7360398769378662,0.925,0.0,0.0,HIGH,20,True
16,575311,NO,unknown,not_received,full,2596387,0.7372447848320007,0.91,0.0,0.5,HIGH,20,True
58,436906,NO,payment,late,semantic_only,2945564,0.7345356345176697,0.375,0.0,1.0,LOW,20,True
58,436906,NO,payment,late,semantic_intent,1156237,0.671947717666626,0.79,1.0,1.0,HIGH,20,True
58,436906,NO,payment,late,semantic_ec,2623956,0.6977896690368652,0.775,0.0,1.0,HIGH,20,True
58,436906,NO,payment,late,full,1156237,0.671947717666626,0.79,1.0,1.0,HIGH,20,True
124,2469406,YES,refund,refund,semantic_only,98632,0.7137902975082397,0.865,0.0,0.0,HIGH,20,True
124,2469406,YES,refund,refund,semantic_intent,98632,0.7137902975082397,0.865,0.0,0.0,HIGH,20,True
124,2469406,YES,refund,refund,semantic_ec,98632,0.7137902975082397,0.865,0.0,0.0,HIGH,20,True
124,2469406,YES,refund,refund,full,98632,0.7137902975082397,0.865,0.0,0.0,HIGH,20,True
6,108167,NO,unknown,unknown,semantic_only,666180,0.8273879885673523,0.355,0.0,0.0,LOW,20,True
6,108167,NO,unknown,unknown,semantic_intent,666180,0.8273879885673523,0.355,0.0,0.0,LOW,20,True
6,108167,NO,unknown,unknown,semantic_ec,666180,0.8273879885673523,0.355,0.0,0.0,LOW,20,True
6,108167,NO,unknown,unknown,full,666180,0.8273879885673523,0.355,0.0,0.0,LOW,20,True
194,970632,NO,technical,unknown,semantic_only,183070,0.8281064033508301,0.715,0.0,0.0,MEDIUM,20,True
194,970632,NO,technical,unknown,semantic_intent,274784,0.7770936489105225,0.445,1.0,0.0,LOW,20,True
194,970632,NO,technical,unknown,semantic_ec,183070,0.8281064033508301,0.715,0.0,0.0,MEDIUM,20,True
194,970632,NO,technical,unknown,full,570140,0.7894045114517212,0.79,0.5,0.0,HIGH,20,True
197,838573,YES,delivery,unknown,semantic_only,2400051,0.8634589910507202,0.82,1.0,0.0,HIGH,20,True
197,838573,YES,delivery,unknown,semantic_intent,2400051,0.8634589910507202,0.82,1.0,0.0,HIGH,20,True
197,838573,YES,delivery,unknown,semantic_ec,2400051,0.8634589910507202,0.82,1.0,0.0,HIGH,20,True
197,838573,YES,delivery,unknown,full,2400051,0.8634589910507202,0.82,1.0,0.0,HIGH,20,True
89,480449,NO,unknown,unknown,semantic_only,687817,0.8637409806251526,0.135,0.0,0.0,LOW,20,True
89,480449,NO,unknown,unknown,semantic_intent,687817,0.8637409806251526,0.135,0.0,0.0,LOW,20,True
89,480449,NO,unknown,unknown,semantic_ec,2714676,0.8397079706192017,0.625,0.0,0.0,MEDIUM,20,True
89,480449,NO,unknown,unknown,full,2714676,0.8397079706192017,0.625,0.0,0.0,MEDIUM,20,True
186,1983638,NO,unknown,unknown,semantic_only,126031,0.7444513440132141,0.31,0.0,0.0,LOW,20,True
186,1983638,NO,unknown,unknown,semantic_intent,126031,0.7444513440132141,0.31,0.0,0.0,LOW,20,True
186,1983638,NO,unknown,unknown,semantic_ec,125333,0.726232647895813,0.355,0.0,0.0,LOW,20,True
186,1983638,NO,unknown,unknown,full,126031,0.7444513440132141,0.31,0.0,0.0,LOW,20,True
192,311046,YES,technical,unknown,semantic_only,944162,0.8542512655258179,0.79,0.0,0.0,HIGH,20,True
192,311046,YES,technical,unknown,semantic_intent,2753596,0.8213537931442261,0.445,1.0,0.0,LOW,20,True
192,311046,YES,technical,unknown,semantic_ec,944162,0.8542512655258179,0.79,0.0,0.0,HIGH,20,True
192,311046,YES,technical,unknown,full,2710885,0.7985955476760864,0.88,1.0,0.0,HIGH,20,True
169,1767527,NO,delivery,unknown,semantic_only,1719185,0.7664376497268677,0.82,1.0,0.0,HIGH,20,True
169,1767527,NO,delivery,unknown,semantic_intent,1719185,0.7664376497268677,0.82,1.0,0.0,HIGH,20,True
169,1767527,NO,delivery,unknown,semantic_ec,1719185,0.7664376497268677,0.82,1.0,0.0,HIGH,20,True
169,1767527,NO,delivery,unknown,full,1719185,0.7664376497268677,0.82,1.0,0.0,HIGH,20,True
91,1773832,NO,technical,unknown,semantic_only,2154979,0.6147066354751587,0.4,1.0,0.0,LOW,20,True
91,1773832,NO,technical,unknown,semantic_intent,2154979,0.6147066354751587,0.4,1.0,0.0,LOW,20,True
91,1773832,NO,technical,unknown,semantic_ec,315021,0.5507012009620667,0.835,1.0,0.0,HIGH,20,True
91,1773832,NO,technical,unknown,full,315021,0.5507012009620667,0.835,1.0,0.0,HIGH,20,True
81,745999,NO,payment,unknown,semantic_only,2581876,0.8042613863945007,0.475,1.0,0.0,LOW,20,True
81,745999,NO,payment,unknown,semantic_intent,2581876,0.8042613863945007,0.475,1.0,0.0,LOW,20,True
81,745999,NO,payment,unknown,semantic_ec,349107,0.7876245975494385,0.88,1.0,0.0,HIGH,20,True
81,745999,NO,payment,unknown,full,349107,0.7876245975494385,0.88,1.0,0.0,HIGH,20,True
107,377467,NO,technical,unknown,semantic_only,2137415,0.7446144223213196,0.265,1.0,0.0,LOW,20,True
107,377467,NO,technical,unknown,semantic_intent,2137415,0.7446144223213196,0.265,1.0,0.0,LOW,20,True
107,377467,NO,technical,unknown,semantic_ec,2137415,0.7446144223213196,0.265,1.0,0.0,LOW,20,True
107,377467,NO,technical,unknown,full,2137415,0.7446144223213196,0.265,1.0,0.0,LOW,20,True
147,2710355,NO,unknown,unknown,semantic_only,2752037,0.7318309545516968,0.82,0.0,0.0,HIGH,20,True
147,2710355,NO,unknown,unknown,semantic_intent,2752037,0.7318309545516968,0.82,0.0,0.0,HIGH,20,True
147,2710355,NO,unknown,unknown,semantic_ec,2752037,0.7318309545516968,0.82,0.0,0.0,HIGH,20,True
147,2710355,NO,unknown,unknown,full,2752037,0.7318309545516968,0.82,0.0,0.0,HIGH,20,True
189,513546,YES,unknown,unknown,semantic_only,449928,0.8304417133331299,0.31,0.0,0.0,LOW,20,True
189,513546,YES,unknown,unknown,semantic_intent,449928,0.8304417133331299,0.31,0.0,0.0,LOW,20,True
189,513546,YES,unknown,unknown,semantic_ec,2019972,0.8129839301109314,0.355,0.0,0.0,LOW,20,True
189,513546,YES,unknown,unknown,full,449928,0.8304417133331299,0.31,0.0,0.0,LOW,20,True
119,1080303,YES,payment,unknown,semantic_only,1862529,0.7083909511566162,0.625,1.0,0.0,MEDIUM,20,True
119,1080303,YES,payment,unknown,semantic_intent,1862529,0.7083909511566162,0.625,1.0,0.0,MEDIUM,20,True
119,1080303,YES,payment,unknown,semantic_ec,1862529,0.7083909511566162,0.625,1.0,0.0,MEDIUM,20,True
119,1080303,YES,payment,unknown,full,1862529,0.7083909511566162,0.625,1.0,0.0,MEDIUM,20,True
45,1666207,NO,delivery,not_received,semantic_only,740437,0.835326075553894,0.475,1.0,0.0,LOW,20,True
45,1666207,NO,delivery,not_received,semantic_intent,740437,0.835326075553894,0.475,1.0,0.0,LOW,20,True
45,1666207,NO,delivery,not_received,semantic_ec,856563,0.7956592440605164,0.865,1.0,0.0,HIGH,20,True
45,1666207,NO,delivery,not_received,full,288033,0.8136932253837585,0.475,1.0,1.0,LOW,20,True
152,1736150,NO,payment,cancelled,semantic_only,207531,0.7860531806945801,0.775,0.0,0.0,HIGH,20,True
152,1736150,NO,payment,cancelled,semantic_intent,2741891,0.7101216912269592,0.745,1.0,0.0,MEDIUM,20,True
152,1736150,NO,payment,cancelled,semantic_ec,207531,0.7860531806945801,0.775,0.0,0.0,HIGH,20,True
152,1736150,NO,payment,cancelled,full,2741891,0.7101216912269592,0.745,1.0,0.0,MEDIUM,20,True
25,2927074,NO,delivery,unknown,semantic_only,1667256,0.7052791118621826,0.265,0.5,0.0,LOW,20,True
25,2927074,NO,delivery,unknown,semantic_intent,2159319,0.6854358911514282,0.43,1.0,0.0,LOW,20,True
25,2927074,NO,delivery,unknown,semantic_ec,2752427,0.6841403841972351,0.79,1.0,0.0,HIGH,20,True
25,2927074,NO,delivery,unknown,full,2752427,0.6841403841972351,0.79,1.0,0.0,HIGH,20,True
57,170894,NO,technical,unknown,semantic_only,169614,0.7708735466003418,0.76,0.0,0.0,HIGH,20,True
57,170894,NO,technical,unknown,semantic_intent,2297448,0.7569295167922974,0.445,1.0,0.0,LOW,20,True
57,170894,NO,technical,unknown,semantic_ec,169614,0.7708735466003418,0.76,0.0,0.0,HIGH,20,True
57,170894,NO,technical,unknown,full,1251964,0.7089126110076904,0.745,1.0,0.0,MEDIUM,20,True
43,2213789,YES,unknown,unknown,semantic_only,75948,0.7330343723297119,0.415,0.0,0.0,LOW,20,True
43,2213789,YES,unknown,unknown,semantic_intent,75948,0.7330343723297119,0.415,0.0,0.0,LOW,20,True
43,2213789,YES,unknown,unknown,semantic_ec,1031704,0.6642661094665527,0.865,0.0,0.0,HIGH,20,True
43,2213789,YES,unknown,unknown,full,1031704,0.6642661094665527,0.865,0.0,0.0,HIGH,20,True
128,1349077,YES,payment,unknown,semantic_only,1312554,0.8768426179885864,0.4,1.0,0.0,LOW,20,True
128,1349077,YES,payment,unknown,semantic_intent,1312554,0.8768426179885864,0.4,1.0,0.0,LOW,20,True
128,1349077,YES,payment,unknown,semantic_ec,78844,0.8193069696426392,1.0,1.0,0.0,HIGH,20,True
128,1349077,YES,payment,unknown,full,78844,0.8193069696426392,1.0,1.0,0.0,HIGH,20,True
114,1034249,NO,refund,wrong_item,semantic_only,2233041,0.8013859391212463,0.7,1.0,0.0,MEDIUM,20,True
114,1034249,NO,refund,wrong_item,semantic_intent,2233041,0.8013859391212463,0.7,1.0,0.0,MEDIUM,20,True
114,1034249,NO,refund,wrong_item,semantic_ec,2613230,0.7930644750595093,0.835,1.0,0.0,HIGH,20,True
114,1034249,NO,refund,wrong_item,full,2613230,0.7930644750595093,0.835,1.0,0.0,HIGH,20,True
120,695119,NO,delivery,unknown,semantic_only,322986,0.7677149772644043,0.79,0.0,0.0,HIGH,20,True
120,695119,NO,delivery,unknown,semantic_intent,2405171,0.7570277452468872,0.52,1.0,0.0,MEDIUM,20,True
120,695119,NO,delivery,unknown,semantic_ec,2283962,0.7661446928977966,0.835,0.0,0.0,HIGH,20,True
120,695119,NO,delivery,unknown,full,1580376,0.7508894205093384,0.835,1.0,0.0,HIGH,20,True
198,2747173,NO,delivery,unknown,semantic_only,1706394,0.8544559478759766,0.43,1.0,0.0,LOW,20,True
198,2747173,NO,delivery,unknown,semantic_intent,1706394,0.8544559478759766,0.43,1.0,0.0,LOW,20,True
198,2747173,NO,delivery,unknown,semantic_ec,123398,0.8130238056182861,0.91,1.0,0.0,HIGH,20,True
198,2747173,NO,delivery,unknown,full,123398,0.8130238056182861,0.91,1.0,0.0,HIGH,20,True
195,505803,NO,unknown,unknown,semantic_only,565848,0.8696237802505493,0.505,0.0,0.0,MEDIUM,20,True
195,505803,NO,unknown,unknown,semantic_intent,565848,0.8696237802505493,0.505,0.0,0.0,MEDIUM,20,True
195,505803,NO,unknown,unknown,semantic_ec,64065,0.7872188091278076,0.805,0.0,0.0,HIGH,20,True
195,505803,NO,unknown,unknown,full,64065,0.7872188091278076,0.805,0.0,0.0,HIGH,20,True
100,1742679,NO,account,unknown,semantic_only,2273508,0.88407963514328,0.49,1.0,0.0,LOW,20,True
100,1742679,NO,account,unknown,semantic_intent,2273508,0.88407963514328,0.49,1.0,0.0,LOW,20,True
100,1742679,NO,account,unknown,semantic_ec,1384134,0.837253987789154,0.79,1.0,0.0,HIGH,20,True
100,1742679,NO,account,unknown,full,1384134,0.837253987789154,0.79,1.0,0.0,HIGH,20,True
13,2129938,NO,product,unknown,semantic_only,2862063,0.769071638584137,0.385,1.0,0.0,LOW,20,True
13,2129938,NO,product,unknown,semantic_intent,2862063,0.769071638584137,0.385,1.0,0.0,LOW,20,True
13,2129938,NO,product,unknown,semantic_ec,2774127,0.748247504234314,0.835,1.0,0.0,HIGH,20,True
13,2129938,NO,product,unknown,full,2774127,0.748247504234314,0.835,1.0,0.0,HIGH,20,True
66,327026,NO,payment,unknown,semantic_only,740440,0.8301893472671509,0.52,1.0,0.0,MEDIUM,20,True
66,327026,NO,payment,unknown,semantic_intent,740440,0.8301893472671509,0.52,1.0,0.0,MEDIUM,20,True
66,327026,NO,payment,unknown,semantic_ec,1130249,0.7762224674224854,0.835,0.0,0.0,HIGH,20,True
66,327026,NO,payment,unknown,full,740440,0.8301893472671509,0.52,1.0,0.0,MEDIUM,20,True
72,2394498,NO,unknown,unknown,semantic_only,283503,0.7773092985153198,0.445,0.0,0.0,LOW,20,True
72,2394498,NO,unknown,unknown,semantic_intent,283503,0.7773092985153198,0.445,0.0,0.0,LOW,20,True
72,2394498,NO,unknown,unknown,semantic_ec,283503,0.7773092985153198,0.445,0.0,0.0,LOW,20,True
72,2394498,NO,unknown,unknown,full,283503,0.7773092985153198,0.445,0.0,0.0,LOW,20,True
132,358786,NO,payment,unknown,semantic_only,107230,0.8029792904853821,0.4,0.0,0.0,LOW,20,True
132,358786,NO,payment,unknown,semantic_intent,1741004,0.7882236242294312,0.595,1.0,0.0,MEDIUM,20,True
132,358786,NO,payment,unknown,semantic_ec,593349,0.7763944864273071,0.835,0.0,0.0,HIGH,20,True
132,358786,NO,payment,unknown,full,1741004,0.7882236242294312,0.595,1.0,0.0,MEDIUM,20,True
7,2053570,NO,account,unknown,semantic_only,1482930,0.8793519735336304,0.64,1.0,0.0,MEDIUM,20,True
7,2053570,NO,account,unknown,semantic_intent,1482930,0.8793519735336304,0.64,1.0,0.0,MEDIUM,20,True
7,2053570,NO,account,unknown,semantic_ec,1482930,0.8793519735336304,0.64,1.0,0.0,MEDIUM,20,True
7,2053570,NO,account,unknown,full,1482930,0.8793519735336304,0.64,1.0,0.0,MEDIUM,20,True
47,1731188,NO,technical,unknown,semantic_only,1460508,0.8091933727264404,0.79,0.0,0.0,HIGH,20,True
47,1731188,NO,technical,unknown,semantic_intent,1424247,0.7967216968536377,0.67,1.0,0.0,MEDIUM,20,True
47,1731188,NO,technical,unknown,semantic_ec,1460508,0.8091933727264404,0.79,0.0,0.0,HIGH,20,True
47,1731188,NO,technical,unknown,full,1424247,0.7967216968536377,0.67,1.0,0.0,MEDIUM,20,True
187,1208365,NO,technical,unknown,semantic_only,2124891,0.6560533046722412,0.31,0.0,0.0,LOW,20,True
187,1208365,NO,technical,unknown,semantic_intent,281971,0.615606963634491,0.445,1.0,0.0,LOW,20,True
187,1208365,NO,technical,unknown,semantic_ec,2763473,0.6376600861549377,0.82,0.0,0.0,HIGH,20,True
187,1208365,NO,technical,unknown,full,1703100,0.5711687207221985,0.835,1.0,0.0,HIGH,20,True
127,1416039,YES,unknown,unknown,semantic_only,571783,0.7847965359687805,0.25,0.0,0.0,LOW,20,True
127,1416039,YES,unknown,unknown,semantic_intent,571783,0.7847965359687805,0.25,0.0,0.0,LOW,20,True
127,1416039,YES,unknown,unknown,semantic_ec,782753,0.7600046992301941,0.31,0.0,0.0,LOW,20,True
127,1416039,YES,unknown,unknown,full,571783,0.7847965359687805,0.25,0.0,0.0,LOW,20,True
32,1922923,NO,delivery,unknown,semantic_only,2511605,0.8444207906723022,0.88,1.0,0.0,HIGH,20,True
32,1922923,NO,delivery,unknown,semantic_intent,2511605,0.8444207906723022,0.88,1.0,0.0,HIGH,20,True
32,1922923,NO,delivery,unknown,semantic_ec,2511605,0.8444207906723022,0.88,1.0,0.0,HIGH,20,True
32,1922923,NO,delivery,unknown,full,2511605,0.8444207906723022,0.88,1.0,0.0,HIGH,20,True
118,191621,NO,order,unknown,semantic_only,179620,0.8660829067230225,0.745,1.0,0.0,MEDIUM,20,True
118,191621,NO,order,unknown,semantic_intent,179620,0.8660829067230225,0.745,1.0,0.0,MEDIUM,20,True
118,191621,NO,order,unknown,semantic_ec,179620,0.8660829067230225,0.745,1.0,0.0,MEDIUM,20,True
118,191621,NO,order,unknown,full,179620,0.8660829067230225,0.745,1.0,0.0,MEDIUM,20,True
31,972287,NO,refund,damaged,semantic_only,1225678,0.7856014370918274,0.52,0.0,1.0,MEDIUM,20,True
31,972287,NO,refund,damaged,semantic_intent,317602,0.7755069136619568,0.865,1.0,1.0,HIGH,20,True
31,972287,NO,refund,damaged,semantic_ec,317602,0.7755069136619568,0.865,1.0,1.0,HIGH,20,True
31,972287,NO,refund,damaged,full,317602,0.7755069136619568,0.865,1.0,1.0,HIGH,20,True
111,1137322,NO,refund,refund,semantic_only,73593,0.7392042875289917,0.625,1.0,1.0,MEDIUM,20,True
111,1137322,NO,refund,refund,semantic_intent,73593,0.7392042875289917,0.625,1.0,1.0,MEDIUM,20,True
111,1137322,NO,refund,refund,semantic_ec,1675529,0.7063379287719727,0.835,0.5,0.0,HIGH,20,True
111,1137322,NO,refund,refund,full,73593,0.7392042875289917,0.625,1.0,1.0,MEDIUM,20,True
83,2280500,YES,delivery,unknown,semantic_only,2960432,0.825219988822937,0.52,1.0,0.0,MEDIUM,20,True
83,2280500,YES,delivery,unknown,semantic_intent,2960432,0.825219988822937,0.52,1.0,0.0,MEDIUM,20,True
83,2280500,YES,delivery,unknown,semantic_ec,2278367,0.8022825717926025,0.79,1.0,0.0,HIGH,20,True
83,2280500,YES,delivery,unknown,full,2278367,0.8022825717926025,0.79,1.0,0.0,HIGH,20,True
103,1347549,YES,delivery,unknown,semantic_only,1397871,0.7234477996826172,0.445,0.0,0.0,LOW,20,True
103,1347549,YES,delivery,unknown,semantic_intent,739089,0.6739359498023987,0.745,1.0,0.0,MEDIUM,20,True
103,1347549,YES,delivery,unknown,semantic_ec,2805848,0.6689671277999878,0.865,1.0,0.0,HIGH,20,True
103,1347549,YES,delivery,unknown,full,2805848,0.6689671277999878,0.865,1.0,0.0,HIGH,20,True
166,1605135,NO,unknown,unknown,semantic_only,524889,0.7806434631347656,0.13,0.0,0.0,LOW,20,True
166,1605135,NO,unknown,unknown,semantic_intent,524889,0.7806434631347656,0.13,0.0,0.0,LOW,20,True
166,1605135,NO,unknown,unknown,semantic_ec,274616,0.7370693683624268,0.31,0.0,0.0,LOW,20,True
166,1605135,NO,unknown,unknown,full,274616,0.7370693683624268,0.31,0.0,0.0,LOW,20,True
12,2764438,YES,technical,unknown,semantic_only,1534393,0.6322294473648071,0.34,1.0,0.0,LOW,20,True
12,2764438,YES,technical,unknown,semantic_intent,1534393,0.6322294473648071,0.34,1.0,0.0,LOW,20,True
12,2764438,YES,technical,unknown,semantic_ec,1331852,0.5566564798355103,0.925,0.0,0.0,HIGH,20,True
12,2764438,YES,technical,unknown,full,1534393,0.6322294473648071,0.34,1.0,0.0,LOW,20,True
77,2278373,NO,technical,unknown,semantic_only,787550,0.8938913345336914,0.925,0.0,0.0,HIGH,20,True
77,2278373,NO,technical,unknown,semantic_intent,236996,0.8725301027297974,0.475,1.0,0.0,LOW,20,True
77,2278373,NO,technical,unknown,semantic_ec,787550,0.8938913345336914,0.925,0.0,0.0,HIGH,20,True
77,2278373,NO,technical,unknown,full,1562345,0.851818323135376,0.835,1.0,0.0,HIGH,20,True
54,306929,NO,unknown,unknown,semantic_only,1937631,0.8255871534347534,0.075,0.0,0.0,LOW,20,True
54,306929,NO,unknown,unknown,semantic_intent,1937631,0.8255871534347534,0.075,0.0,0.0,LOW,20,True
54,306929,NO,unknown,unknown,semantic_ec,2742899,0.7759428024291992,0.355,0.0,0.0,LOW,20,True
54,306929,NO,unknown,unknown,full,2742899,0.7759428024291992,0.355,0.0,0.0,LOW,20,True
139,2288561,YES,payment,unknown,semantic_only,2316986,0.7679969072341919,0.58,1.0,0.0,MEDIUM,20,True
139,2288561,YES,payment,unknown,semantic_intent,2316986,0.7679969072341919,0.58,1.0,0.0,MEDIUM,20,True
139,2288561,YES,payment,unknown,semantic_ec,522592,0.6994156837463379,0.88,0.0,0.0,HIGH,20,True
139,2288561,YES,payment,unknown,full,1116565,0.7234318852424622,0.82,1.0,0.0,HIGH,20,True
200,230072,NO,delivery,late,semantic_only,1652448,0.7011539340019226,0.415,0.0,0.0,LOW,20,True
200,230072,NO,delivery,late,semantic_intent,180715,0.6847085356712341,0.52,1.0,0.0,MEDIUM,20,True
200,230072,NO,delivery,late,semantic_ec,1479679,0.6798570156097412,1.0,1.0,0.0,HIGH,20,True
200,230072,NO,delivery,late,full,727353,0.6755269765853882,0.52,1.0,1.0,MEDIUM,20,True
19,2385836,NO,delivery,cancelled,semantic_only,1638616,0.7853856086730957,0.475,1.0,0.0,LOW,20,True
19,2385836,NO,delivery,cancelled,semantic_intent,1638616,0.7853856086730957,0.475,1.0,0.0,LOW,20,True
19,2385836,NO,delivery,cancelled,semantic_ec,1732580,0.7819755673408508,0.79,1.0,0.0,HIGH,20,True
19,2385836,NO,delivery,cancelled,full,1046701,0.7509397268295288,0.52,1.0,1.0,MEDIUM,20,True
164,2184781,NO,account,unknown,semantic_only,2314264,0.7974972128868103,0.73,1.0,0.0,MEDIUM,20,True
164,2184781,NO,account,unknown,semantic_intent,2314264,0.7974972128868103,0.73,1.0,0.0,MEDIUM,20,True
164,2184781,NO,account,unknown,semantic_ec,844128,0.7959476709365845,0.88,1.0,0.0,HIGH,20,True
164,2184781,NO,account,unknown,full,844128,0.7959476709365845,0.88,1.0,0.0,HIGH,20,True
150,1936464,NO,unknown,unknown,semantic_only,2451689,0.9084977507591248,0.22,0.0,0.0,LOW,20,True
150,1936464,NO,unknown,unknown,semantic_intent,2451689,0.9084977507591248,0.22,0.0,0.0,LOW,20,True
150,1936464,NO,unknown,unknown,semantic_ec,138072,0.9046611785888672,0.715,0.0,0.0,MEDIUM,20,True
150,1936464,NO,unknown,unknown,full,138072,0.9046611785888672,0.715,0.0,0.0,MEDIUM,20,True
85,38802,YES,unknown,unknown,semantic_only,2322227,0.7734133005142212,0.4,0.0,0.0,LOW,20,True
85,38802,YES,unknown,unknown,semantic_intent,2322227,0.7734133005142212,0.4,0.0,0.0,LOW,20,True
85,38802,YES,unknown,unknown,semantic_ec,619296,0.7260317802429199,0.82,0.0,0.0,HIGH,20,True
85,38802,YES,unknown,unknown,full,619296,0.7260317802429199,0.82,0.0,0.0,HIGH,20,True
134,197806,NO,refund,refund,semantic_only,2521796,0.9190616607666016,0.33,1.0,1.0,LOW,20,True
134,197806,NO,refund,refund,semantic_intent,2521796,0.9190616607666016,0.33,1.0,1.0,LOW,20,True
134,197806,NO,refund,refund,semantic_ec,1159354,0.8932897448539734,0.85,1.0,1.0,HIGH,20,True
134,197806,NO,refund,refund,full,1159354,0.8932897448539734,0.85,1.0,1.0,HIGH,20,True
171,2621028,YES,return,damaged,semantic_only,2671579,0.6132959127426147,0.36,0.0,1.0,LOW,20,True
171,2621028,YES,return,damaged,semantic_intent,2473501,0.5443224906921387,0.82,0.5,1.0,HIGH,20,True
171,2621028,YES,return,damaged,semantic_ec,299642,0.5109375715255737,0.91,0.0,1.0,HIGH,20,True
171,2621028,YES,return,damaged,full,2473501,0.5443224906921387,0.82,0.5,1.0,HIGH,20,True
190,289006,YES,unknown,unknown,semantic_only,457750,0.7300354242324829,0.31,0.0,0.0,LOW,20,True
190,289006,YES,unknown,unknown,semantic_intent,457750,0.7300354242324829,0.31,0.0,0.0,LOW,20,True
190,289006,YES,unknown,unknown,semantic_ec,1193456,0.7249276638031006,0.655,0.0,0.0,MEDIUM,20,True
190,289006,YES,unknown,unknown,full,1193456,0.7249276638031006,0.655,0.0,0.0,MEDIUM,20,True
53,352903,YES,product,unknown,semantic_only,2281484,0.6451548337936401,0.43,0.0,0.0,LOW,20,True
53,352903,YES,product,unknown,semantic_intent,1148716,0.6257869005203247,0.505,1.0,0.0,MEDIUM,20,True
53,352903,YES,product,unknown,semantic_ec,918904,0.6396864652633667,0.79,0.0,0.0,HIGH,20,True
53,352903,YES,product,unknown,full,1148716,0.6257869005203247,0.505,1.0,0.0,MEDIUM,20,True
105,231745,NO,technical,unknown,semantic_only,944162,0.8055707216262817,0.79,0.0,0.0,HIGH,20,True
105,231745,NO,technical,unknown,semantic_intent,2710885,0.8025673031806946,0.88,1.0,0.0,HIGH,20,True
105,231745,NO,technical,unknown,semantic_ec,2710885,0.8025673031806946,0.88,1.0,0.0,HIGH,20,True
105,231745,NO,technical,unknown,full,2710885,0.8025673031806946,0.88,1.0,0.0,HIGH,20,True
46,1279904,NO,delivery,late,semantic_only,593362,0.8716803789138794,0.775,1.0,1.0,HIGH,20,True
46,1279904,NO,delivery,late,semantic_intent,593362,0.8716803789138794,0.775,1.0,1.0,HIGH,20,True
46,1279904,NO,delivery,late,semantic_ec,593362,0.8716803789138794,0.775,1.0,1.0,HIGH,20,True
46,1279904,NO,delivery,late,full,593362,0.8716803789138794,0.775,1.0,1.0,HIGH,20,True
115,507114,YES,delivery,late,semantic_only,2636867,0.8464404344558716,0.58,0.0,1.0,MEDIUM,20,True
115,507114,YES,delivery,late,semantic_intent,603166,0.8438193798065186,0.43,1.0,1.0,LOW,20,True
115,507114,YES,delivery,late,semantic_ec,2622516,0.8055113554000854,0.88,1.0,0.0,HIGH,20,True
115,507114,YES,delivery,late,full,2925514,0.8188565969467163,0.82,1.0,1.0,HIGH,20,True
42,2187356,NO,refund,refund,semantic_only,440991,0.873054027557373,0.91,1.0,1.0,HIGH,20,True
42,2187356,NO,refund,refund,semantic_intent,440991,0.873054027557373,0.91,1.0,1.0,HIGH,20,True
42,2187356,NO,refund,refund,semantic_ec,1562866,0.8477929830551147,1.0,1.0,0.0,HIGH,20,True
42,2187356,NO,refund,refund,full,440991,0.873054027557373,0.91,1.0,1.0,HIGH,20,True
24,340859,NO,payment,unknown,semantic_only,1415541,0.6892656683921814,0.52,0.0,0.0,MEDIUM,20,True
24,340859,NO,payment,unknown,semantic_intent,2347737,0.628650426864624,0.58,1.0,0.0,MEDIUM,20,True
24,340859,NO,payment,unknown,semantic_ec,1479679,0.625852644443512,1.0,0.0,0.0,HIGH,20,True
24,340859,NO,payment,unknown,full,2142928,0.6275054216384888,0.79,1.0,0.0,HIGH,20,True
161,511713,NO,unknown,unknown,semantic_only,549344,0.850234866142273,0.195,0.0,0.0,LOW,20,True
161,511713,NO,unknown,unknown,semantic_intent,549344,0.850234866142273,0.195,0.0,0.0,LOW,20,True
161,511713,NO,unknown,unknown,semantic_ec,2314264,0.8134145140647888,0.73,0.0,0.0,MEDIUM,20,True
161,511713,NO,unknown,unknown,full,2314264,0.8134145140647888,0.73,0.0,0.0,MEDIUM,20,True
172,1737617,NO,payment,unknown,semantic_only,283535,0.7668818235397339,0.835,1.0,0.0,HIGH,20,True
172,1737617,NO,payment,unknown,semantic_intent,283535,0.7668818235397339,0.835,1.0,0.0,HIGH,20,True
172,1737617,NO,payment,unknown,semantic_ec,965259,0.715643048286438,0.955,0.0,0.0,HIGH,20,True
172,1737617,NO,payment,unknown,full,283535,0.7668818235397339,0.835,1.0,0.0,HIGH,20,True
173,582618,NO,payment,late,semantic_only,494937,0.8064315319061279,0.52,0.0,0.0,MEDIUM,20,True
173,582618,NO,payment,late,semantic_intent,1762356,0.777851939201355,0.58,1.0,0.0,MEDIUM,20,True
173,582618,NO,payment,late,semantic_ec,990214,0.7830207943916321,0.79,0.0,0.0,HIGH,20,True
173,582618,NO,payment,late,full,1762356,0.777851939201355,0.58,1.0,0.0,MEDIUM,20,True
170,418435,NO,return,unknown,semantic_only,1488387,0.7232213616371155,0.475,1.0,0.0,LOW,20,True
170,418435,NO,return,unknown,semantic_intent,1488387,0.7232213616371155,0.475,1.0,0.0,LOW,20,True
170,418435,NO,return,unknown,semantic_ec,424068,0.6369692087173462,0.91,0.0,0.0,HIGH,20,True
170,418435,NO,return,unknown,full,2663408,0.6568690538406372,0.79,1.0,0.0,HIGH,20,True
178,888340,NO,refund,cancelled,semantic_only,1096648,0.7564007043838501,0.865,1.0,0.5,HIGH,20,True
178,888340,NO,refund,cancelled,semantic_intent,1096648,0.7564007043838501,0.865,1.0,0.5,HIGH,20,True
178,888340,NO,refund,cancelled,semantic_ec,1096648,0.7564007043838501,0.865,1.0,0.5,HIGH,20,True
178,888340,NO,refund,cancelled,full,420224,0.7160837054252625,0.835,1.0,1.0,HIGH,20,True
143,2602238,YES,product,not_received,semantic_only,1723883,0.774213969707489,0.52,0.0,0.0,MEDIUM,20,True
143,2602238,YES,product,not_received,semantic_intent,1723883,0.774213969707489,0.52,0.0,0.0,MEDIUM,20,True
143,2602238,YES,product,not_received,semantic_ec,2719435,0.7582384347915649,0.775,0.0,0.0,HIGH,20,True
143,2602238,YES,product,not_received,full,65886,0.7618587017059326,0.58,0.0,0.5,MEDIUM,20,True
95,1212685,YES,technical,not_received,semantic_only,69771,0.8082764148712158,0.475,0.0,0.0,LOW,20,True
95,1212685,YES,technical,not_received,semantic_intent,381408,0.7879732847213745,0.79,1.0,0.0,HIGH,20,True
95,1212685,YES,technical,not_received,semantic_ec,2345634,0.7982117533683777,0.835,0.0,0.0,HIGH,20,True
95,1212685,YES,technical,not_received,full,381408,0.7879732847213745,0.79,1.0,0.0,HIGH,20,True
51,380430,YES,refund,refund,semantic_only,2117782,0.831947922706604,0.685,1.0,1.0,MEDIUM,20,True
51,380430,YES,refund,refund,semantic_intent,2117782,0.831947922706604,0.685,1.0,1.0,MEDIUM,20,True
51,380430,YES,refund,refund,semantic_ec,779245,0.7931270599365234,1.0,1.0,1.0,HIGH,20,True
51,380430,YES,refund,refund,full,779245,0.7931270599365234,1.0,1.0,1.0,HIGH,20,True
129,2899668,YES,refund,refund,semantic_only,2471912,0.6931753754615784,0.52,1.0,0.5,MEDIUM,20,True
129,2899668,YES,refund,refund,semantic_intent,2471912,0.6931753754615784,0.52,1.0,0.5,MEDIUM,20,True
129,2899668,YES,refund,refund,semantic_ec,183576,0.6899747252464294,0.79,1.0,1.0,HIGH,20,True
129,2899668,YES,refund,refund,full,183576,0.6899747252464294,0.79,1.0,1.0,HIGH,20,True
40,1325479,YES,delivery,late,semantic_only,2686571,0.7997109889984131,0.52,1.0,0.0,MEDIUM,20,True
40,1325479,YES,delivery,late,semantic_intent,2686571,0.7997109889984131,0.52,1.0,0.0,MEDIUM,20,True
40,1325479,YES,delivery,late,semantic_ec,2940195,0.7852553129196167,0.835,1.0,0.5,HIGH,20,True
40,1325479,YES,delivery,late,full,1268989,0.770932674407959,0.79,1.0,1.0,HIGH,20,True
60,549485,YES,unknown,unknown,semantic_only,987173,0.746558666229248,0.34,0.0,0.0,LOW,20,True
60,549485,YES,unknown,unknown,semantic_intent,987173,0.746558666229248,0.34,0.0,0.0,LOW,20,True
60,549485,YES,unknown,unknown,semantic_ec,77592,0.6956133842468262,0.91,0.0,0.0,HIGH,20,True
60,549485,YES,unknown,unknown,full,77592,0.6956133842468262,0.91,0.0,0.0,HIGH,20,True
121,394424,NO,account,late,semantic_only,1349087,0.7824298143386841,0.43,1.0,0.0,LOW,20,True
121,394424,NO,account,late,semantic_intent,1349087,0.7824298143386841,0.43,1.0,0.0,LOW,20,True
121,394424,NO,account,late,semantic_ec,844128,0.7514064908027649,0.88,1.0,0.0,HIGH,20,True
121,394424,NO,account,late,full,844128,0.7514064908027649,0.88,1.0,0.0,HIGH,20,True
108,1734582,YES,delivery,late,semantic_only,1305181,0.847679615020752,0.475,1.0,1.0,LOW,20,True
108,1734582,YES,delivery,late,semantic_intent,1305181,0.847679615020752,0.475,1.0,1.0,LOW,20,True
108,1734582,YES,delivery,late,semantic_ec,2814456,0.8268336057662964,0.82,1.0,0.0,HIGH,20,True
108,1734582,YES,delivery,late,full,497307,0.845246434211731,0.775,1.0,1.0,HIGH,20,True
163,1113536,YES,refund,refund,semantic_only,2428191,0.8546146750450134,0.475,1.0,1.0,LOW,20,True
163,1113536,YES,refund,refund,semantic_intent,2428191,0.8546146750450134,0.475,1.0,1.0,LOW,20,True
163,1113536,YES,refund,refund,semantic_ec,765454,0.8340810537338257,0.82,1.0,1.0,HIGH,20,True
163,1113536,YES,refund,refund,full,765454,0.8340810537338257,0.82,1.0,1.0,HIGH,20,True
125,626860,NO,delivery,unknown,semantic_only,2103426,0.6663942337036133,0.835,0.0,0.0,HIGH,20,True
125,626860,NO,delivery,unknown,semantic_intent,560604,0.6380617618560791,0.82,1.0,0.0,HIGH,20,True
125,626860,NO,delivery,unknown,semantic_ec,2103426,0.6663942337036133,0.835,0.0,0.0,HIGH,20,True
125,626860,NO,delivery,unknown,full,560604,0.6380617618560791,0.82,1.0,0.0,HIGH,20,True
10,1604981,YES,refund,refund,semantic_only,2317696,0.8027714490890503,0.52,1.0,1.0,MEDIUM,20,True
10,1604981,YES,refund,refund,semantic_intent,2317696,0.8027714490890503,0.52,1.0,1.0,MEDIUM,20,True
10,1604981,YES,refund,refund,semantic_ec,283535,0.7621859908103943,0.835,0.0,0.0,HIGH,20,True
10,1604981,YES,refund,refund,full,232208,0.7434002161026001,0.79,1.0,1.0,HIGH,20,True
75,2868358,YES,delivery,unknown,semantic_only,518826,0.8657199740409851,0.43,1.0,0.0,LOW,20,True
75,2868358,YES,delivery,unknown,semantic_intent,518826,0.8657199740409851,0.43,1.0,0.0,LOW,20,True
75,2868358,YES,delivery,unknown,semantic_ec,2725925,0.8354340195655823,0.82,1.0,0.0,HIGH,20,True
75,2868358,YES,delivery,unknown,full,2725925,0.8354340195655823,0.82,1.0,0.0,HIGH,20,True
199,132373,NO,unknown,unknown,semantic_only,573501,0.8008086681365967,0.13,0.0,0.0,LOW,20,True
199,132373,NO,unknown,unknown,semantic_intent,573501,0.8008086681365967,0.13,0.0,0.0,LOW,20,True
199,132373,NO,unknown,unknown,semantic_ec,2927699,0.7869446277618408,0.265,0.0,0.0,LOW,20,True
199,132373,NO,unknown,unknown,full,2927699,0.7869446277618408,0.265,0.0,0.0,LOW,20,True
63,1432252,YES,payment,unknown,semantic_only,505922,0.6621465682983398,0.79,1.0,0.0,HIGH,20,True
63,1432252,YES,payment,unknown,semantic_intent,505922,0.6621465682983398,0.79,1.0,0.0,HIGH,20,True
63,1432252,YES,payment,unknown,semantic_ec,505922,0.6621465682983398,0.79,1.0,0.0,HIGH,20,True
63,1432252,YES,payment,unknown,full,505922,0.6621465682983398,0.79,1.0,0.0,HIGH,20,True
175,19440,YES,unknown,unknown,semantic_only,2665869,0.7575497031211853,0.475,0.0,0.0,LOW,20,True
175,19440,YES,unknown,unknown,semantic_intent,2665869,0.7575497031211853,0.475,0.0,0.0,LOW,20,True
175,19440,YES,unknown,unknown,semantic_ec,2793127,0.6986547708511353,0.73,0.0,0.0,MEDIUM,20,True
175,19440,YES,unknown,unknown,full,2793127,0.6986547708511353,0.73,0.0,0.0,MEDIUM,20,True
167,460023,NO,delivery,late,semantic_only,2401215,0.7359939217567444,0.385,1.0,0.0,LOW,20,True
167,460023,NO,delivery,late,semantic_intent,2401215,0.7359939217567444,0.385,1.0,0.0,LOW,20,True
167,460023,NO,delivery,late,semantic_ec,2863358,0.7077639698982239,0.88,1.0,0.0,HIGH,20,True
167,460023,NO,delivery,late,full,1352859,0.7142102718353271,0.79,1.0,1.0,HIGH,20,True
123,387119,YES,delivery,unknown,semantic_only,2555166,0.7757761478424072,0.52,1.0,0.0,MEDIUM,20,True
123,387119,YES,delivery,unknown,semantic_intent,2555166,0.7757761478424072,0.52,1.0,0.0,MEDIUM,20,True
123,387119,YES,delivery,unknown,semantic_ec,348371,0.7449604272842407,0.955,0.5,0.0,HIGH,20,True
123,387119,YES,delivery,unknown,full,998284,0.733193039894104,0.91,1.0,0.0,HIGH,20,True
142,578409,NO,unknown,unknown,semantic_only,2289239,0.7482470273971558,0.175,0.0,0.0,LOW,20,True
142,578409,NO,unknown,unknown,semantic_intent,2289239,0.7482470273971558,0.175,0.0,0.0,LOW,20,True
142,578409,NO,unknown,unknown,semantic_ec,1488842,0.746290385723114,0.25,0.0,0.0,LOW,20,True
142,578409,NO,unknown,unknown,full,1488842,0.746290385723114,0.25,0.0,0.0,LOW,20,True
82,863372,YES,payment,unknown,semantic_only,785503,0.7208106517791748,0.82,0.0,0.0,HIGH,20,True
82,863372,YES,payment,unknown,semantic_intent,2433646,0.6471342444419861,0.82,1.0,0.0,HIGH,20,True
82,863372,YES,payment,unknown,semantic_ec,785503,0.7208106517791748,0.82,0.0,0.0,HIGH,20,True
82,863372,YES,payment,unknown,full,2433646,0.6471342444419861,0.82,1.0,0.0,HIGH,20,True
11,21873,YES,technical,unknown,semantic_only,990722,0.7655608654022217,0.34,0.0,0.0,LOW,20,True
11,21873,YES,technical,unknown,semantic_intent,520673,0.7622281908988953,0.7,1.0,0.0,MEDIUM,20,True
11,21873,YES,technical,unknown,semantic_ec,2827199,0.7552602291107178,0.835,1.0,0.0,HIGH,20,True
11,21873,YES,technical,unknown,full,2827199,0.7552602291107178,0.835,1.0,0.0,HIGH,20,True
64,462534,YES,unknown,unknown,semantic_only,1378493,0.6589260101318359,0.4,0.0,0.0,LOW,20,True
64,462534,YES,unknown,unknown,semantic_intent,1378493,0.6589260101318359,0.4,0.0,0.0,LOW,20,True
64,462534,YES,unknown,unknown,semantic_ec,609435,0.5990533232688904,0.715,0.0,0.0,MEDIUM,20,True
64,462534,YES,unknown,unknown,full,609435,0.5990533232688904,0.715,0.0,0.0,MEDIUM,20,True
177,183557,YES,delivery,unknown,semantic_only,1346660,0.793806791305542,0.88,1.0,0.0,HIGH,20,True
177,183557,YES,delivery,unknown,semantic_intent,1346660,0.793806791305542,0.88,1.0,0.0,HIGH,20,True
177,183557,YES,delivery,unknown,semantic_ec,425085,0.7796207666397095,1.0,0.0,0.0,HIGH,20,True
177,183557,YES,delivery,unknown,full,326348,0.7901963591575623,0.91,1.0,0.0,HIGH,20,True
101,1458044,NO,delivery,unknown,semantic_only,323392,0.652184009552002,0.52,0.5,0.0,MEDIUM,20,True
101,1458044,NO,delivery,unknown,semantic_intent,1591537,0.6356642246246338,0.52,1.0,0.0,MEDIUM,20,True
101,1458044,NO,delivery,unknown,semantic_ec,177315,0.6262229681015015,0.79,1.0,0.0,HIGH,20,True
101,1458044,NO,delivery,unknown,full,177315,0.6262229681015015,0.79,1.0,0.0,HIGH,20,True
137,115916,YES,delivery,unknown,semantic_only,2877860,0.856827974319458,0.31,0.0,0.0,LOW,20,True
137,115916,YES,delivery,unknown,semantic_intent,2927038,0.8323119878768921,0.73,1.0,0.0,MEDIUM,20,True
137,115916,YES,delivery,unknown,semantic_ec,1271006,0.7903037071228027,0.955,0.0,0.0,HIGH,20,True
137,115916,YES,delivery,unknown,full,400309,0.8135416507720947,0.79,1.0,0.0,HIGH,20,True
188,246407,NO,payment,unknown,semantic_only,379959,0.7734660506248474,0.79,0.0,0.0,HIGH,20,True
188,246407,NO,payment,unknown,semantic_intent,2190936,0.7280004620552063,0.445,1.0,0.0,LOW,20,True
188,246407,NO,payment,unknown,semantic_ec,379959,0.7734660506248474,0.79,0.0,0.0,HIGH,20,True
188,246407,NO,payment,unknown,full,2946738,0.7024296522140503,0.52,1.0,0.0,MEDIUM,20,True
130,1445390,NO,payment,unknown,semantic_only,2762136,0.8018367886543274,0.52,0.5,0.0,MEDIUM,20,True
130,1445390,NO,payment,unknown,semantic_intent,2269261,0.6594960689544678,0.475,1.0,0.0,LOW,20,True
130,1445390,NO,payment,unknown,semantic_ec,2762136,0.8018367886543274,0.52,0.5,0.0,MEDIUM,20,True
130,1445390,NO,payment,unknown,full,379772,0.6209350824356079,0.79,1.0,0.0,HIGH,20,True
17,1120448,YES,technical,unknown,semantic_only,1450072,0.7881456613540649,0.355,0.0,0.0,LOW,20,True
17,1120448,YES,technical,unknown,semantic_intent,801677,0.7743191123008728,0.655,1.0,0.0,MEDIUM,20,True
17,1120448,YES,technical,unknown,semantic_ec,801677,0.7743191123008728,0.655,1.0,0.0,MEDIUM,20,True
17,1120448,YES,technical,unknown,full,801677,0.7743191123008728,0.655,1.0,0.0,MEDIUM,20,True
73,2915803,YES,refund,refund,semantic_only,2864654,0.7377786040306091,0.58,0.0,0.0,MEDIUM,20,True
73,2915803,YES,refund,refund,semantic_intent,2864654,0.7377786040306091,0.58,0.0,0.0,MEDIUM,20,True
73,2915803,YES,refund,refund,semantic_ec,2875681,0.722687840461731,0.79,0.0,0.0,HIGH,20,True
73,2915803,YES,refund,refund,full,2875681,0.722687840461731,0.79,0.0,0.0,HIGH,20,True
148,726333,NO,delivery,unknown,semantic_only,181299,0.7708382606506348,0.79,1.0,0.0,HIGH,20,True
148,726333,NO,delivery,unknown,semantic_intent,181299,0.7708382606506348,0.79,1.0,0.0,HIGH,20,True
148,726333,NO,delivery,unknown,semantic_ec,181299,0.7708382606506348,0.79,1.0,0.0,HIGH,20,True
148,726333,NO,delivery,unknown,full,181299,0.7708382606506348,0.79,1.0,0.0,HIGH,20,True
55,2545391,YES,product,replacement,semantic_only,495835,0.7705886363983154,0.745,0.0,0.0,MEDIUM,20,True
55,2545391,YES,product,replacement,semantic_intent,495835,0.7705886363983154,0.745,0.0,0.0,MEDIUM,20,True
55,2545391,YES,product,replacement,semantic_ec,495835,0.7705886363983154,0.745,0.0,0.0,MEDIUM,20,True
55,2545391,YES,product,replacement,full,495835,0.7705886363983154,0.745,0.0,0.0,MEDIUM,20,True
1,869856,NO,order,unknown,semantic_only,2388925,0.7981820106506348,0.595,0.0,0.0,MEDIUM,20,True
1,869856,NO,order,unknown,semantic_intent,1331852,0.724678099155426,0.925,1.0,0.0,HIGH,20,True
1,869856,NO,order,unknown,semantic_ec,1331852,0.724678099155426,0.925,1.0,0.0,HIGH,20,True
1,869856,NO,order,unknown,full,1331852,0.724678099155426,0.925,1.0,0.0,HIGH,20,True
99,2011963,YES,refund,refund,semantic_only,2305315,0.761860191822052,0.43,0.0,0.0,LOW,20,True
99,2011963,YES,refund,refund,semantic_intent,2885625,0.7245972156524658,0.52,1.0,1.0,MEDIUM,20,True
99,2011963,YES,refund,refund,semantic_ec,78844,0.685305655002594,1.0,0.0,0.0,HIGH,20,True
99,2011963,YES,refund,refund,full,280402,0.6838604211807251,0.91,1.0,0.5,HIGH,20,True
151,1608593,NO,unknown,unknown,semantic_only,222643,0.8949934840202332,0.46,0.0,0.0,LOW,20,True
151,1608593,NO,unknown,unknown,semantic_intent,222643,0.8949934840202332,0.46,0.0,0.0,LOW,20,True
151,1608593,NO,unknown,unknown,semantic_ec,1718114,0.8469544649124146,0.835,0.0,0.0,HIGH,20,True
151,1608593,NO,unknown,unknown,full,1718114,0.8469544649124146,0.835,0.0,0.0,HIGH,20,True
93,619973,YES,unknown,unknown,semantic_only,2221938,0.8212717771530151,0.31,0.0,0.0,LOW,20,True
93,619973,YES,unknown,unknown,semantic_intent,2221938,0.8212717771530151,0.31,0.0,0.0,LOW,20,True
93,619973,YES,unknown,unknown,semantic_ec,2221938,0.8212717771530151,0.31,0.0,0.0,LOW,20,True
93,619973,YES,unknown,unknown,full,2221938,0.8212717771530151,0.31,0.0,0.0,LOW,20,True
156,2724491,NO,delivery,unknown,semantic_only,2614038,0.7912502288818359,0.82,0.5,0.0,HIGH,20,True
156,2724491,NO,delivery,unknown,semantic_intent,2555166,0.7837181687355042,0.52,1.0,0.0,MEDIUM,20,True
156,2724491,NO,delivery,unknown,semantic_ec,2212191,0.7619928121566772,0.91,0.0,0.0,HIGH,20,True
156,2724491,NO,delivery,unknown,full,2265624,0.7620019912719727,0.82,1.0,0.0,HIGH,20,True
5,2974816,YES,delivery,not_received,semantic_only,517629,0.66448575258255,0.79,1.0,1.0,HIGH,20,True
5,2974816,YES,delivery,not_received,semantic_intent,517629,0.66448575258255,0.79,1.0,1.0,HIGH,20,True
5,2974816,YES,delivery,not_received,semantic_ec,517629,0.66448575258255,0.79,1.0,1.0,HIGH,20,True
5,2974816,YES,delivery,not_received,full,517629,0.66448575258255,0.79,1.0,1.0,HIGH,20,True
168,1578308,NO,technical,unknown,semantic_only,1937795,0.7516700029373169,0.505,1.0,0.0,MEDIUM,20,True
168,1578308,NO,technical,unknown,semantic_intent,1937795,0.7516700029373169,0.505,1.0,0.0,MEDIUM,20,True
168,1578308,NO,technical,unknown,semantic_ec,1588763,0.7254822254180908,0.745,0.0,0.0,MEDIUM,20,True
168,1578308,NO,technical,unknown,full,2603117,0.7419112920761108,0.64,1.0,0.0,MEDIUM,20,True
126,2632946,YES,payment,unknown,semantic_only,2946854,0.7402162551879883,0.7,1.0,0.0,MEDIUM,20,True
126,2632946,YES,payment,unknown,semantic_intent,2946854,0.7402162551879883,0.7,1.0,0.0,MEDIUM,20,True
126,2632946,YES,payment,unknown,semantic_ec,396896,0.6752137541770935,1.0,1.0,0.0,HIGH,20,True
126,2632946,YES,payment,unknown,full,396896,0.6752137541770935,1.0,1.0,0.0,HIGH,20,True
98,760425,YES,unknown,unknown,semantic_only,757097,0.6991676688194275,0.355,0.0,0.0,LOW,20,True
98,760425,YES,unknown,unknown,semantic_intent,757097,0.6991676688194275,0.355,0.0,0.0,LOW,20,True
98,760425,YES,unknown,unknown,semantic_ec,757097,0.6991676688194275,0.355,0.0,0.0,LOW,20,True
98,760425,YES,unknown,unknown,full,757097,0.6991676688194275,0.355,0.0,0.0,LOW,20,True
154,1120423,YES,refund,refund,semantic_only,1221785,0.6684519648551941,0.445,0.0,0.0,LOW,20,True
154,1120423,YES,refund,refund,semantic_intent,2211802,0.6571178436279297,0.88,1.0,1.0,HIGH,20,True
154,1120423,YES,refund,refund,semantic_ec,2211802,0.6571178436279297,0.88,1.0,1.0,HIGH,20,True
154,1120423,YES,refund,refund,full,2211802,0.6571178436279297,0.88,1.0,1.0,HIGH,20,True
9,239427,NO,unknown,unknown,semantic_only,1750541,0.9113084077835083,0.075,0.0,0.0,LOW,20,True
9,239427,NO,unknown,unknown,semantic_intent,1750541,0.9113084077835083,0.075,0.0,0.0,LOW,20,True
9,239427,NO,unknown,unknown,semantic_ec,1062296,0.8826346397399902,0.595,0.0,0.0,MEDIUM,20,True
9,239427,NO,unknown,unknown,full,1062296,0.8826346397399902,0.595,0.0,0.0,MEDIUM,20,True
84,2855169,YES,refund,damaged,semantic_only,446134,0.6239091753959656,0.67,0.0,0.0,MEDIUM,20,True
84,2855169,YES,refund,damaged,semantic_intent,459904,0.6091515421867371,0.79,1.0,0.0,HIGH,20,True
84,2855169,YES,refund,damaged,semantic_ec,2906727,0.5937944650650024,0.88,0.0,1.0,HIGH,20,True
84,2855169,YES,refund,damaged,full,174506,0.6116827726364136,0.79,0.5,1.0,HIGH,20,True
160,848196,YES,technical,unknown,semantic_only,930173,0.6313462257385254,0.4,0.0,0.0,LOW,20,True
160,848196,YES,technical,unknown,semantic_intent,1133536,0.5324608683586121,0.355,1.0,0.0,LOW,20,True
160,848196,YES,technical,unknown,semantic_ec,1428941,0.619499683380127,0.835,0.5,0.0,HIGH,20,True
160,848196,YES,technical,unknown,full,1428941,0.619499683380127,0.835,0.5,0.0,HIGH,20,True
86,2290929,YES,payment,unknown,semantic_only,740938,0.7665233612060547,0.79,1.0,0.0,HIGH,20,True
86,2290929,YES,payment,unknown,semantic_intent,740938,0.7665233612060547,0.79,1.0,0.0,HIGH,20,True
86,2290929,YES,payment,unknown,semantic_ec,740938,0.7665233612060547,0.79,1.0,0.0,HIGH,20,True
86,2290929,YES,payment,unknown,full,740938,0.7665233612060547,0.79,1.0,0.0,HIGH,20,True
87,2910317,YES,refund,late,semantic_only,757734,0.7628290057182312,1.0,1.0,0.0,HIGH,20,True
87,2910317,YES,refund,late,semantic_intent,757734,0.7628290057182312,1.0,1.0,0.0,HIGH,20,True
87,2910317,YES,refund,late,semantic_ec,757734,0.7628290057182312,1.0,1.0,0.0,HIGH,20,True
87,2910317,YES,refund,late,full,757734,0.7628290057182312,1.0,1.0,0.0,HIGH,20,True
14,845680,YES,account,late,semantic_only,355622,0.7818731665611267,0.475,1.0,0.0,LOW,20,True
14,845680,YES,account,late,semantic_intent,355622,0.7818731665611267,0.475,1.0,0.0,LOW,20,True
14,845680,YES,account,late,semantic_ec,2230278,0.7662745118141174,0.775,1.0,0.0,HIGH,20,True
14,845680,YES,account,late,full,2230278,0.7662745118141174,0.775,1.0,0.0,HIGH,20,True
35,792046,YES,technical,unknown,semantic_only,237145,0.7021492719650269,0.295,0.0,0.0,LOW,20,True
35,792046,YES,technical,unknown,semantic_intent,1557413,0.6667988896369934,0.4,1.0,0.0,LOW,20,True
35,792046,YES,technical,unknown,semantic_ec,2675334,0.6593119502067566,0.835,0.0,0.0,HIGH,20,True
35,792046,YES,technical,unknown,full,1557413,0.6667988896369934,0.4,1.0,0.0,LOW,20,True
174,1753347,YES,account,unknown,semantic_only,2417842,0.7241142392158508,0.475,0.0,0.0,LOW,20,True
174,1753347,YES,account,unknown,semantic_intent,2417842,0.7241142392158508,0.475,0.0,0.0,LOW,20,True
174,1753347,YES,account,unknown,semantic_ec,1322516,0.7178233861923218,0.88,0.0,0.0,HIGH,20,True
174,1753347,YES,account,unknown,full,1322516,0.7178233861923218,0.88,0.0,0.0,HIGH,20,True
94,1321660,YES,technical,unknown,semantic_only,2540323,0.8511195778846741,0.4,0.0,0.0,LOW,20,True
94,1321660,YES,technical,unknown,semantic_intent,2219898,0.8489336371421814,0.4,1.0,0.0,LOW,20,True
94,1321660,YES,technical,unknown,semantic_ec,132450,0.7994969487190247,0.715,1.0,0.0,MEDIUM,20,True
94,1321660,YES,technical,unknown,full,132450,0.7994969487190247,0.715,1.0,0.0,MEDIUM,20,True
181,950260,NO,delivery,unknown,semantic_only,2364745,0.7369893789291382,0.58,1.0,0.0,MEDIUM,20,True
181,950260,NO,delivery,unknown,semantic_intent,2364745,0.7369893789291382,0.58,1.0,0.0,MEDIUM,20,True
181,950260,NO,delivery,unknown,semantic_ec,1131260,0.7077032327651978,0.88,0.5,0.0,HIGH,20,True
181,950260,NO,delivery,unknown,full,2226427,0.7185249328613281,0.745,1.0,0.0,MEDIUM,20,True
34,2790617,YES,return,not_received,semantic_only,331365,0.833026647567749,0.475,0.0,0.0,LOW,20,True
34,2790617,YES,return,not_received,semantic_intent,1430386,0.8064435720443726,0.7,0.5,0.0,MEDIUM,20,True
34,2790617,YES,return,not_received,semantic_ec,2849025,0.8118520379066467,0.88,0.0,0.0,HIGH,20,True
34,2790617,YES,return,not_received,full,2544939,0.8100791573524475,0.595,0.0,1.0,MEDIUM,20,True
22,492239,NO,account,unknown,semantic_only,959299,0.7291162014007568,0.475,0.0,0.0,LOW,20,True
22,492239,NO,account,unknown,semantic_intent,2314264,0.7135328054428101,0.73,1.0,0.0,MEDIUM,20,True
22,492239,NO,account,unknown,semantic_ec,2314264,0.7135328054428101,0.73,1.0,0.0,MEDIUM,20,True
22,492239,NO,account,unknown,full,2314264,0.7135328054428101,0.73,1.0,0.0,MEDIUM,20,True
133,975060,YES,delivery,unknown,semantic_only,497348,0.5930875539779663,0.4,0.0,0.0,LOW,20,True
133,975060,YES,delivery,unknown,semantic_intent,1484730,0.5695145130157471,0.225,1.0,0.0,LOW,20,True
133,975060,YES,delivery,unknown,semantic_ec,1850950,0.5749657154083252,0.715,0.0,0.0,MEDIUM,20,True
133,975060,YES,delivery,unknown,full,1484730,0.5695145130157471,0.225,1.0,0.0,LOW,20,True
191,372168,YES,unknown,unknown,semantic_only,2287875,0.8154186010360718,0.31,0.0,0.0,LOW,20,True
191,372168,YES,unknown,unknown,semantic_intent,2287875,0.8154186010360718,0.31,0.0,0.0,LOW,20,True
191,372168,YES,unknown,unknown,semantic_ec,29952,0.7283680438995361,0.61,0.0,0.0,MEDIUM,20,True
191,372168,YES,unknown,unknown,full,29952,0.7283680438995361,0.61,0.0,0.0,MEDIUM,20,True
88,2450868,YES,delivery,late,semantic_only,1041690,0.5675994753837585,0.505,0.0,0.0,MEDIUM,20,True
88,2450868,YES,delivery,late,semantic_intent,1661781,0.5064109563827515,0.805,0.5,0.0,HIGH,20,True
88,2450868,YES,delivery,late,semantic_ec,1661781,0.5064109563827515,0.805,0.5,0.0,HIGH,20,True
88,2450868,YES,delivery,late,full,1661781,0.5064109563827515,0.805,0.5,0.0,HIGH,20,True
122,2787693,NO,delivery,unknown,semantic_only,660394,0.711822509765625,0.475,0.0,0.0,LOW,20,True
122,2787693,NO,delivery,unknown,semantic_intent,2652390,0.7004873752593994,0.43,1.0,0.0,LOW,20,True
122,2787693,NO,delivery,unknown,semantic_ec,803029,0.6791621446609497,0.91,1.0,0.0,HIGH,20,True
122,2787693,NO,delivery,unknown,full,803029,0.6791621446609497,0.91,1.0,0.0,HIGH,20,True
109,1370162,YES,delivery,unknown,semantic_only,1285477,0.7949927449226379,0.49,1.0,0.0,LOW,20,True
109,1370162,YES,delivery,unknown,semantic_intent,1285477,0.7949927449226379,0.49,1.0,0.0,LOW,20,True
109,1370162,YES,delivery,unknown,semantic_ec,2870645,0.7808620929718018,0.88,1.0,0.0,HIGH,20,True
109,1370162,YES,delivery,unknown,full,2870645,0.7808620929718018,0.88,1.0,0.0,HIGH,20,True
104,1212741,NO,account,unknown,semantic_only,1291746,0.8978286981582642,0.37,1.0,0.0,LOW,20,True
104,1212741,NO,account,unknown,semantic_intent,1291746,0.8978286981582642,0.37,1.0,0.0,LOW,20,True
104,1212741,NO,account,unknown,semantic_ec,2297443,0.7763426303863525,0.91,1.0,0.0,HIGH,20,True
104,1212741,NO,account,unknown,full,2297443,0.7763426303863525,0.91,1.0,0.0,HIGH,20,True
146,2379749,YES,refund,cancelled,semantic_only,183391,0.8122406005859375,0.475,1.0,0.0,LOW,20,True
146,2379749,YES,refund,cancelled,semantic_intent,183391,0.8122406005859375,0.475,1.0,0.0,LOW,20,True
146,2379749,YES,refund,cancelled,semantic_ec,96723,0.7790903449058533,0.88,1.0,0.5,HIGH,20,True
146,2379749,YES,refund,cancelled,full,96723,0.7790903449058533,0.88,1.0,0.5,HIGH,20,True
38,2959926,YES,delivery,unknown,semantic_only,2428235,0.7762129902839661,0.58,1.0,0.0,MEDIUM,20,True
38,2959926,YES,delivery,unknown,semantic_intent,2428235,0.7762129902839661,0.58,1.0,0.0,MEDIUM,20,True
38,2959926,YES,delivery,unknown,semantic_ec,466661,0.7428677082061768,0.82,1.0,0.0,HIGH,20,True
38,2959926,YES,delivery,unknown,full,466661,0.7428677082061768,0.82,1.0,0.0,HIGH,20,True
159,279987,YES,unknown,unknown,semantic_only,716078,0.8211896419525146,0.13,0.0,0.0,LOW,20,True
159,279987,YES,unknown,unknown,semantic_intent,716078,0.8211896419525146,0.13,0.0,0.0,LOW,20,True
159,279987,YES,unknown,unknown,semantic_ec,2447371,0.8065774440765381,0.25,0.0,0.0,LOW,20,True
159,279987,YES,unknown,unknown,full,2447371,0.8065774440765381,0.25,0.0,0.0,LOW,20,True
70,2429494,YES,unknown,unknown,semantic_only,2690658,0.723773717880249,0.31,0.0,0.0,LOW,20,True
70,2429494,YES,unknown,unknown,semantic_intent,2690658,0.723773717880249,0.31,0.0,0.0,LOW,20,True
70,2429494,YES,unknown,unknown,semantic_ec,1258289,0.5677458047866821,0.805,0.0,0.0,HIGH,20,True
70,2429494,YES,unknown,unknown,full,1258289,0.5677458047866821,0.805,0.0,0.0,HIGH,20,True
90,2789030,YES,unknown,unknown,semantic_only,2760882,0.785555899143219,0.25,0.0,0.0,LOW,20,True
90,2789030,YES,unknown,unknown,semantic_intent,2760882,0.785555899143219,0.25,0.0,0.0,LOW,20,True
90,2789030,YES,unknown,unknown,semantic_ec,646693,0.7525635957717896,0.355,0.0,0.0,LOW,20,True
90,2789030,YES,unknown,unknown,full,646693,0.7525635957717896,0.355,0.0,0.0,LOW,20,True
3,907089,NO,unknown,unknown,semantic_only,740435,0.9385631084442139,0.075,0.0,0.0,LOW,20,True
3,907089,NO,unknown,unknown,semantic_intent,740435,0.9385631084442139,0.075,0.0,0.0,LOW,20,True
3,907089,NO,unknown,unknown,semantic_ec,1240425,0.9036677479743958,0.52,0.0,0.0,MEDIUM,20,True
3,907089,NO,unknown,unknown,full,1240425,0.9036677479743958,0.52,0.0,0.0,MEDIUM,20,True
20,1445421,YES,delivery,unknown,semantic_only,1573566,0.887027382850647,0.52,1.0,0.0,MEDIUM,20,True
20,1445421,YES,delivery,unknown,semantic_intent,1573566,0.887027382850647,0.52,1.0,0.0,MEDIUM,20,True
20,1445421,YES,delivery,unknown,semantic_ec,2894665,0.8133819699287415,0.88,1.0,0.0,HIGH,20,True
20,1445421,YES,delivery,unknown,full,2894665,0.8133819699287415,0.88,1.0,0.0,HIGH,20,True
68,897610,NO,unknown,unknown,semantic_only,959362,0.944010853767395,0.075,0.0,0.0,LOW,20,True
68,897610,NO,unknown,unknown,semantic_intent,959362,0.944010853767395,0.075,0.0,0.0,LOW,20,True
68,897610,NO,unknown,unknown,semantic_ec,476882,0.9365352392196655,0.685,0.0,0.0,MEDIUM,20,True
68,897610,NO,unknown,unknown,full,476882,0.9365352392196655,0.685,0.0,0.0,MEDIUM,20,True
176,2926326,YES,delivery,unknown,semantic_only,776047,0.8359516263008118,0.775,1.0,0.0,HIGH,20,True
176,2926326,YES,delivery,unknown,semantic_intent,776047,0.8359516263008118,0.775,1.0,0.0,HIGH,20,True
176,2926326,YES,delivery,unknown,semantic_ec,2446264,0.802826464176178,0.88,1.0,0.0,HIGH,20,True
176,2926326,YES,delivery,unknown,full,2446264,0.802826464176178,0.88,1.0,0.0,HIGH,20,True
52,1430379,YES,unknown,unknown,semantic_only,2309766,0.5636670589447021,0.82,0.0,0.0,HIGH,20,True
52,1430379,YES,unknown,unknown,semantic_intent,2309766,0.5636670589447021,0.82,0.0,0.0,HIGH,20,True
52,1430379,YES,unknown,unknown,semantic_ec,2309766,0.5636670589447021,0.82,0.0,0.0,HIGH,20,True
52,1430379,YES,unknown,unknown,full,2309766,0.5636670589447021,0.82,0.0,0.0,HIGH,20,True
79,1043150,NO,technical,unknown,semantic_only,2288278,0.8264391422271729,0.4,0.0,0.0,LOW,20,True
79,1043150,NO,technical,unknown,semantic_intent,2540392,0.8230520486831665,0.52,1.0,0.0,MEDIUM,20,True
79,1043150,NO,technical,unknown,semantic_ec,2557176,0.8126994371414185,0.88,0.0,0.0,HIGH,20,True
79,1043150,NO,technical,unknown,full,1723361,0.8038383722305298,0.745,1.0,0.0,MEDIUM,20,True
44,727818,YES,delivery,unknown,semantic_only,1406978,0.7914732694625854,0.76,1.0,0.0,HIGH,20,True
44,727818,YES,delivery,unknown,semantic_intent,1406978,0.7914732694625854,0.76,1.0,0.0,HIGH,20,True
44,727818,YES,delivery,unknown,semantic_ec,2293382,0.7506082057952881,0.88,1.0,0.0,HIGH,20,True
44,727818,YES,delivery,unknown,full,2293382,0.7506082057952881,0.88,1.0,0.0,HIGH,20,True
65,493271,YES,product,replacement,semantic_only,2342905,0.6982614994049072,0.445,0.0,0.0,LOW,20,True
65,493271,YES,product,replacement,semantic_intent,790642,0.6760144233703613,0.43,1.0,0.0,LOW,20,True
65,493271,YES,product,replacement,semantic_ec,930455,0.6474810838699341,0.835,0.0,0.0,HIGH,20,True
65,493271,YES,product,replacement,full,790642,0.6760144233703613,0.43,1.0,0.0,LOW,20,True
67,1264452,YES,refund,refund,semantic_only,180933,0.7888470888137817,0.7,1.0,1.0,MEDIUM,20,True
67,1264452,YES,refund,refund,semantic_intent,180933,0.7888470888137817,0.7,1.0,1.0,MEDIUM,20,True
67,1264452,YES,refund,refund,semantic_ec,1094260,0.7744156122207642,0.865,0.0,0.0,HIGH,20,True
67,1264452,YES,refund,refund,full,2692705,0.7691736817359924,0.865,1.0,1.0,HIGH,20,True
144,1701059,YES,return,late,semantic_only,377042,0.7707502245903015,0.7,0.0,0.0,MEDIUM,20,True
144,1701059,YES,return,late,semantic_intent,315217,0.722589373588562,0.745,1.0,0.0,MEDIUM,20,True
144,1701059,YES,return,late,semantic_ec,382812,0.7538567185401917,0.835,0.0,0.0,HIGH,20,True
144,1701059,YES,return,late,full,315217,0.722589373588562,0.745,1.0,0.0,MEDIUM,20,True
62,830139,NO,payment,unknown,semantic_only,2485651,0.7135134339332581,0.82,0.0,0.0,HIGH,20,True
62,830139,NO,payment,unknown,semantic_intent,593449,0.6815154552459717,0.46,1.0,0.0,LOW,20,True
62,830139,NO,payment,unknown,semantic_ec,2485651,0.7135134339332581,0.82,0.0,0.0,HIGH,20,True
62,830139,NO,payment,unknown,full,765755,0.6295416951179504,0.745,1.0,0.0,MEDIUM,20,True
21,379772,YES,payment,cancelled,semantic_only,2547050,0.7892637848854065,0.52,0.0,0.5,MEDIUM,20,True
21,379772,YES,payment,cancelled,semantic_intent,1450097,0.7110173106193542,0.64,1.0,0.0,MEDIUM,20,True
21,379772,YES,payment,cancelled,semantic_ec,2460750,0.7672609090805054,0.745,0.5,0.0,MEDIUM,20,True
21,379772,YES,payment,cancelled,full,1450097,0.7110173106193542,0.64,1.0,0.0,MEDIUM,20,True
145,915403,YES,payment,cancelled,semantic_only,845755,0.7723482847213745,0.745,0.5,1.0,MEDIUM,20,True
145,915403,YES,payment,cancelled,semantic_intent,845755,0.7723482847213745,0.745,0.5,1.0,MEDIUM,20,True
145,915403,YES,payment,cancelled,semantic_ec,423978,0.7581662535667419,0.91,0.5,0.0,HIGH,20,True
145,915403,YES,payment,cancelled,full,829521,0.7239163517951965,0.91,0.5,1.0,HIGH,20,True
155,2332742,YES,technical,unknown,semantic_only,1714325,0.7684469819068909,0.445,0.0,0.0,LOW,20,True
155,2332742,YES,technical,unknown,semantic_intent,1364748,0.7100117206573486,0.415,1.0,0.0,LOW,20,True
155,2332742,YES,technical,unknown,semantic_ec,2216600,0.6655653715133667,0.835,0.0,0.0,HIGH,20,True
155,2332742,YES,technical,unknown,full,1364748,0.7100117206573486,0.415,1.0,0.0,LOW,20,True
184,2964021,YES,refund,refund,semantic_only,1887821,0.7677798867225647,0.79,1.0,0.0,HIGH,20,True
184,2964021,YES,refund,refund,semantic_intent,1887821,0.7677798867225647,0.79,1.0,0.0,HIGH,20,True
184,2964021,YES,refund,refund,semantic_ec,779245,0.7330219149589539,1.0,1.0,1.0,HIGH,20,True
184,2964021,YES,refund,refund,full,779245,0.7330219149589539,1.0,1.0,1.0,HIGH,20,True
15,1699752,YES,product,unknown,semantic_only,2192576,0.7561012506484985,0.445,0.0,0.0,LOW,20,True
15,1699752,YES,product,unknown,semantic_intent,1250346,0.6186719536781311,0.445,1.0,0.0,LOW,20,True
15,1699752,YES,product,unknown,semantic_ec,64065,0.6209678649902344,0.805,0.0,0.0,HIGH,20,True
15,1699752,YES,product,unknown,full,1250346,0.6186719536781311,0.445,1.0,0.0,LOW,20,True
141,2827333,NO,order,unknown,semantic_only,940504,0.8184592723846436,0.475,0.5,0.0,LOW,20,True
141,2827333,NO,order,unknown,semantic_intent,845755,0.795859694480896,0.745,1.0,0.0,MEDIUM,20,True
141,2827333,NO,order,unknown,semantic_ec,279190,0.7750674486160278,0.91,0.0,0.0,HIGH,20,True
141,2827333,NO,order,unknown,full,18696,0.7710939049720764,0.865,1.0,0.0,HIGH,20,True
140,1483559,YES,return,unknown,semantic_only,348957,0.8675363063812256,0.52,0.5,0.0,MEDIUM,20,True
140,1483559,YES,return,unknown,semantic_intent,348957,0.8675363063812256,0.52,0.5,0.0,MEDIUM,20,True
140,1483559,YES,return,unknown,semantic_ec,2402371,0.8259835839271545,0.745,0.0,0.0,MEDIUM,20,True
140,1483559,YES,return,unknown,full,348957,0.8675363063812256,0.52,0.5,0.0,MEDIUM,20,True
76,1616321,NO,delivery,unknown,semantic_only,857700,0.7725952863693237,0.52,1.0,0.0,MEDIUM,20,True
76,1616321,NO,delivery,unknown,semantic_intent,857700,0.7725952863693237,0.52,1.0,0.0,MEDIUM,20,True
76,1616321,NO,delivery,unknown,semantic_ec,970984,0.7293737530708313,0.88,1.0,0.0,HIGH,20,True
76,1616321,NO,delivery,unknown,full,970984,0.7293737530708313,0.88,1.0,0.0,HIGH,20,True
80,1034668,NO,order,unknown,semantic_only,1123369,0.8781250715255737,0.595,0.5,0.0,MEDIUM,20,True
80,1034668,NO,order,unknown,semantic_intent,1664047,0.8660773038864136,0.58,1.0,0.0,MEDIUM,20,True
80,1034668,NO,order,unknown,semantic_ec,1117992,0.8319846391677856,0.91,0.5,0.0,HIGH,20,True
80,1034668,NO,order,unknown,full,1474046,0.8370682597160339,0.745,1.0,0.0,MEDIUM,20,True
