annotation_id,conversation_id,human_evidence_complete,judge_evidence_complete,judge_action_observed,judge_customer_reaction,judge_dm_redirect,judge_confidence,judge_reason,agreement
116,191589,NO,NO,NO,NO,YES,0.0,AmazonHelp only redirected the customer to DM without providing a concrete support action or observable outcome.,AGREE
92,785789,NO,NO,NO,NO,YES,0.0,AmazonHelp only redirected the customer to DM without providing a concrete support action or observable outcome.,AGREE
16,575311,NO,NO,YES,NO,NO,0.0,"Customer did not provide a meaningful observable outcome or reaction after the support actions. While AmazonHelp asked for specific information and provided instructions, the customer did not confirm receipt or provide a meaningful observable outcome.",AGREE
58,436906,NO,NO,YES,NO,NO,0.0,"AmazonHelp asks for specific information needed to investigate the package delivery issue, which is a concrete support action. However, there is no observable outcome or customer reaction following this action, and no DM redirect is observed. The conversation does not conclude with a resolution or a meaningful outcome.",AGREE
124,2469406,YES,NO,YES,NO,YES,0.0,"While AmazonHelp asked for specific information and provided a DM redirect, there was no meaningful support action or observable outcome provided by the customer in response to these actions.",DISAGREE
6,108167,NO,NO,NO,NO,NO,0.0,"The conversation lacks a meaningful support action or observable outcome from the customer. AmazonHelp's responses are generic and do not contain specific troubleshooting, instructions, or next steps.",AGREE
194,970632,NO,NO,NO,NO,NO,0.0,"AmazonHelp did not perform a concrete support action, nor did they provide a useful observable outcome or direct the customer to DM. Customer reaction was also not observed.",AGREE
197,838573,YES,NO,NO,NO,NO,0.0,"The conversation lacks a meaningful support action and a useful observable outcome. Customer reaction is absent, and there is no DM redirect.",DISAGREE
89,480449,NO,NO,NO,NO,YES,0.0,"AmazonHelp redirected the customer to DM, but no concrete support action or customer reaction was observed.",AGREE
186,1983638,NO,NO,NO,NO,NO,0.0,"The conversation lacks meaningful support actions, customer reactions, and a DM redirect. The humor and casual language used by the customer do not provide a clear context for the conversation.",AGREE
192,311046,YES,NO,NO,NO,YES,0.0,AmazonHelp only redirected the customer to DM without providing a concrete support action or observable outcome.,DISAGREE
169,1767527,NO,NO,NO,NO,YES,0.0,AmazonHelp only redirected the customer to DM without providing a concrete support action or observable outcome.,AGREE
91,1773832,NO,NO,YES,NO,NO,0.0,AmazonHelp asked for specific information needed to investigate but did not provide a concrete support action or observable outcome.,AGREE
81,745999,NO,NO,YES,NO,NO,0.0,"AmazonHelp asked for more information, but no concrete support action or observable outcome was provided.",AGREE
107,377467,NO,NO,NO,NO,YES,0.0,AmazonHelp only provided a DM redirect without any concrete support action or observable outcome.,AGREE
147,2710355,NO,NO,NO,NO,NO,0.0,"AmazonHelp only apologized without providing a specific next step, troubleshooting, or concrete support action. Customer did not provide a reaction after the support action, and there was no DM redirect.",AGREE
189,513546,YES,NO,NO,NO,YES,0.0,"The conversation contains a DM redirect, but lacks a meaningful support action, customer reaction, and observable outcome.",DISAGREE
119,1080303,YES,NO,YES,YES,NO,0.0,"AmazonHelp provided specific instructions and asked for information, but there was no direct resolution to the customer's issue, and no DM redirect occurred.",DISAGREE
45,1666207,NO,NO,YES,NO,YES,0.0,"AmazonHelp asked for specific information needed to investigate, which is a meaningful support action. However, there was no observable outcome or customer reaction following this action, and the conversation ended without a resolution. A DM redirect was used, but without additional meaningful support action or observable outcome, evidence completeness cannot be confirmed.",AGREE
152,1736150,NO,NO,YES,NO,NO,0.0,"Customer did not provide a reaction after the support action, and there was no observable outcome. A DM redirect was suggested but not observed.",AGREE
25,2927074,NO,NO,YES,NO,YES,0.0,"AmazonHelp provided a DM redirect and asked for a phone number, but no concrete support action or observable outcome was provided. Customer reaction was negative but did not directly follow a support action.",AGREE
57,170894,NO,NO,YES,NO,YES,0.0,Customer did not provide a meaningful observable outcome or reaction after the DM redirect.,AGREE
43,2213789,YES,NO,NO,NO,NO,0.0,AmazonHelp did not perform a concrete support action or provide a meaningful observable outcome. Customer reaction was not observed after a relevant support action. No DM redirect was observed.,DISAGREE
128,1349077,YES,NO,NO,NO,YES,0.0,AmazonHelp only redirected the customer to DM without providing a concrete support action or observable outcome.,DISAGREE
114,1034249,NO,NO,YES,NO,YES,0.0,"AmazonHelp redirects the customer to DM, but there is no observable outcome or customer reaction following the DM redirect.",AGREE
120,695119,NO,NO,YES,NO,YES,0.0,"AmazonHelp provides a DM redirect, but no meaningful support action or observable outcome is provided, and the customer does not react to the DM redirect.",AGREE
198,2747173,NO,NO,YES,NO,YES,0.0,"AmazonHelp asked for specific information needed to investigate and provided a DM redirect, but there was no observable customer reaction or resolution.",AGREE
195,505803,NO,NO,YES,NO,YES,0.0,"Customer did not provide a meaningful observable outcome after the DM redirect, and the conversation lacks a clear resolution or meaningful support action.",AGREE
100,1742679,NO,NO,YES,NO,YES,0.0,"AmazonHelp provides a DM redirect, but no observable customer reaction or meaningful support action is observed.",AGREE
13,2129938,NO,NO,YES,NO,NO,0.0,AmazonHelp provided specific instructions for warranty claim and return/replacement but did not complete the process. Customer did not provide a reaction to the support action. No DM redirect occurred.,AGREE
66,327026,NO,NO,NO,NO,YES,0.0,"The conversation lacks a meaningful support action and observable outcome. The only action observed is a DM redirect, which by itself does not make evidence complete. Customer reaction is also absent.",AGREE
72,2394498,NO,NO,NO,NO,YES,0.0,AmazonHelp redirected the customer to DM without providing a concrete support action or observable outcome.,AGREE
132,358786,NO,NO,YES,NO,NO,0.0,"Customer reaction did not occur after a meaningful support action, and no observable outcome was confirmed.",AGREE
7,2053570,NO,NO,NO,NO,YES,0.0,AmazonHelp only provided a DM redirect without any concrete support action or observable outcome.,AGREE
47,1731188,NO,NO,NO,NO,NO,0.0,"AmazonHelp apologized and promised to notify the team, but no specific troubleshooting, instructions, or next steps were provided. Customer did not provide a reaction, and there was no DM redirect.",AGREE
187,1208365,NO,NO,NO,NO,NO,0.0,"AmazonHelp initiated a DM redirect without a concrete support action, and there was no customer reaction to a support action.",AGREE
127,1416039,YES,NO,YES,NO,NO,0.0,"AmazonHelp provided a link to a help page, which is a specific support action, but there was no customer reaction or observable outcome, and no DM redirect was given.",DISAGREE
32,1922923,NO,NO,NO,NO,YES,0.0,AmazonHelp only redirected the customer to DM without providing a concrete support action or observable outcome.,AGREE
118,191621,NO,NO,NO,NO,YES,0.0,"AmazonHelp redirected the customer to DM, but no concrete support action or customer reaction was observed in the conversation.",AGREE
31,972287,NO,NO,NO,NO,YES,0.0,"The conversation lacks a meaningful support action and customer reaction. While there is a DM redirect, it does not compensate for the absence of other evidence.",AGREE
111,1137322,NO,NO,YES,NO,YES,0.75,"AmazonHelp performs concrete support actions and provides a DM redirect, but there is no observable outcome or customer reaction following these actions, and the issue remains unresolved.",AGREE
83,2280500,YES,NO,YES,NO,NO,0.0,"AmazonHelp asked for more info about late orders, which is a concrete support action, but there was no observable outcome or customer reaction to this action within the conversation.",DISAGREE
103,1347549,YES,NO,YES,NO,NO,0.0,"Customer reaction is not observed after a relevant AmazonHelp action, and there is no observable outcome or meaningful support action that leads to a resolution.",DISAGREE
166,1605135,NO,NO,NO,NO,NO,0.0,"The conversation lacks a meaningful support action, customer reaction, and a DM redirect. Evidence completeness cannot be determined.",AGREE
12,2764438,YES,NO,NO,NO,NO,0.0,AmazonHelp did not perform a concrete support action or provide a meaningful outcome. Customer reaction and DM redirect were not observed.,DISAGREE
77,2278373,NO,NO,NO,NO,YES,0.0,"AmazonHelp redirected to DM, but no concrete support action or customer reaction observed.",AGREE
54,306929,NO,NO,NO,NO,YES,0.0,AmazonHelp only redirected the customer to DM without providing any concrete support action or observable outcome.,AGREE
139,2288561,YES,NO,NO,NO,YES,0.0,AmazonHelp only provided a DM redirect without any concrete support action or observable outcome.,DISAGREE
200,230072,NO,NO,NO,NO,NO,0.0,The conversation lacks a meaningful support action and customer reaction. There is no evidence of a DM redirect or observable outcome.,AGREE
19,2385836,NO,NO,YES,NO,YES,0.0,Customer did not provide a meaningful observable outcome after the DM redirect and AmazonHelp's actions. Customer reaction is not observed after relevant support actions.,AGREE
164,2184781,NO,NO,YES,NO,YES,0.0,Customer was redirected to DM but did not provide a reaction to the support action.,AGREE
150,1936464,NO,NO,NO,NO,YES,0.0,AmazonHelp redirected to DM but did not perform a concrete support action or receive a customer reaction.,AGREE
85,38802,YES,NO,YES,NO,NO,0.0,"AmazonHelp provided specific troubleshooting steps and a link to check the books, which is a meaningful support action. However, there was no observable outcome or customer reaction to this action, and no DM redirect was given. The conversation lacks evidence completeness.",DISAGREE
134,197806,NO,NO,NO,NO,YES,0.0,AmazonHelp only provided a DM redirect without a concrete support action or observable outcome.,AGREE
171,2621028,YES,NO,YES,NO,YES,0.0,"AmazonHelp asks for customer details to investigate the issue, which is a concrete support action. However, there is no observable outcome or customer reaction following this action, and the conversation does not conclude with a resolution or a meaningful outcome.",DISAGREE
190,289006,YES,NO,NO,YES,NO,0.0,"While the customer expressed gratitude, there was no specific support action or request for information that would indicate evidence completeness. Additionally, there was no DM redirect or observable outcome directly related to the support interaction.",DISAGREE
53,352903,YES,NO,YES,NO,YES,0.0,"AmazonHelp asked for specific information needed to investigate, which is a meaningful support action. However, there is no observable outcome or customer reaction following this action, and the conversation does not conclude with a resolution or a clear next step.",DISAGREE
105,231745,NO,NO,YES,NO,NO,0.0,"Customer did not provide a meaningful observable outcome after the support actions, and there was no DM redirect.",AGREE
46,1279904,NO,NO,NO,NO,NO,0.0,"The conversation lacks meaningful support actions, customer reactions, and a DM redirect. Evidence of a concrete support action or a useful observable outcome is also missing.",AGREE
115,507114,YES,NO,YES,YES,NO,0.0,"AmazonHelp provided specific information about the replacement item and the new delivery date, which are concrete support actions and observable outcomes. However, the conversation does not contain a DM redirect, and the customer's reaction is not directly observable in the provided text. Additionally, the conversation does not explicitly mention troubleshooting, specific instructions, or a request for information needed for investigation, which are also forms of meaningful support actions.",DISAGREE
42,2187356,NO,NO,NO,NO,NO,0.0,AmazonHelp only provided a generic link without a concrete support action or observable outcome.,AGREE
24,340859,NO,NO,NO,NO,NO,0.0,"The conversation lacks a meaningful support action, customer reaction, and a DM redirect. Evidence completeness requires at least one of these elements.",AGREE
161,511713,NO,NO,NO,NO,YES,0.0,AmazonHelp provided a DM redirect but did not perform a concrete support action or observe a customer reaction.,AGREE
172,1737617,NO,NO,YES,NO,YES,0.0,"AmazonHelp asked for specific information via DM, but no observable outcome or customer reaction was provided.",AGREE
173,582618,NO,NO,YES,NO,YES,0.0,"AmazonHelp asked for specific information needed to investigate, which is a concrete support action. However, there is no observable outcome or customer reaction following this action, and the conversation lacks a meaningful observable outcome or customer reaction to a specific support action.",AGREE
170,418435,NO,NO,NO,NO,YES,0.0,The conversation lacks a meaningful support action and customer reaction following the DM redirect. Evidence completeness requires more than a DM redirect.,AGREE
178,888340,NO,NO,YES,NO,YES,0.75,"AmazonHelp performs concrete support actions and redirects to DM, but lacks a meaningful observable outcome and customer reaction to a specific action.",AGREE
143,2602238,YES,NO,YES,NO,YES,0.0,"Customer did not provide a meaningful observable outcome or reaction after the DM redirect. While AmazonHelp asked for a call and redirected to DM, the customer did not confirm receipt of the call or provide a reaction to the support action.",DISAGREE
95,1212685,YES,NO,YES,NO,NO,0.0,"Customer did not provide a meaningful observable outcome after the support action, and there was no DM redirect.",DISAGREE
51,380430,YES,NO,YES,NO,YES,0.0,"AmazonHelp provided a DM redirect and a response time for the refund, but there was no meaningful support action or observable outcome provided by the customer.",DISAGREE
129,2899668,YES,NO,YES,NO,YES,0.0,"AmazonHelp asks for specific information needed to investigate, which is a concrete support action. However, there is no observable outcome or customer reaction following this action, and the conversation does not end with a resolution or a clear next step.",DISAGREE
40,1325479,YES,NO,NO,NO,NO,0.0,"AmazonHelp provided a link without a concrete support action or observable outcome. Customer did not provide a reaction, and there was no DM redirect.",DISAGREE
60,549485,YES,NO,NO,NO,NO,0.0,"The conversation lacks a meaningful support action, customer reaction, and a DM redirect. Evidence completeness requires at least one of these elements.",DISAGREE
121,394424,NO,NO,YES,NO,YES,0.75,"AmazonHelp performs concrete support actions and redirects to DM, but there is no observable outcome or customer reaction to a specific support action, and the issue remains unresolved.",AGREE
108,1734582,YES,NO,YES,YES,NO,0.0,"AmazonHelp provided specific instructions and asked for information needed for investigation, but there was no resolution of the customer's issue, and no observable outcome was confirmed by the customer.",DISAGREE
163,1113536,YES,NO,NO,NO,NO,0.0,"AmazonHelp did not perform a concrete support action, provide a meaningful outcome, or redirect to DM. Customer reaction and DM redirect are also absent.",DISAGREE
125,626860,NO,NO,NO,NO,YES,0.0,AmazonHelp only redirected the customer to DM without providing a concrete support action or observable outcome.,AGREE
10,1604981,YES,NO,YES,NO,YES,0.0,"Customer did not provide a reaction after the DM redirect, and the conversation lacks a meaningful observable outcome.",DISAGREE
75,2868358,YES,NO,NO,NO,YES,0.0,AmazonHelp only provided a DM redirect without any concrete support action or observable outcome.,DISAGREE
199,132373,NO,NO,NO,NO,NO,0.0,"The conversation lacks a meaningful support action, customer reaction, and a DM redirect. Evidence completeness requires at least one of these elements.",AGREE
63,1432252,YES,NO,NO,NO,YES,0.0,AmazonHelp only provided a DM redirect without a concrete support action or observable outcome.,DISAGREE
175,19440,YES,NO,YES,NO,YES,0.0,"AmazonHelp provided a DM redirect and a link to Seller Support, but there was no direct support action or observable outcome from the customer.",DISAGREE
167,460023,NO,NO,NO,NO,NO,0.0,AmazonHelp only apologized and did not perform a concrete support action or provide a useful observable outcome.,AGREE
123,387119,YES,NO,YES,NO,YES,0.0,"AmazonHelp asked for specific information needed to investigate and provided a DM redirect, but there was no observable customer reaction to a meaningful support action, and the conversation ended without a concrete outcome.",DISAGREE
142,578409,NO,NO,NO,NO,NO,0.0,"The conversation lacks meaningful support actions and customer reactions following those actions. There is no evidence of AmazonHelp asking for specific information, providing troubleshooting, or giving specific next steps.",AGREE
82,863372,YES,NO,YES,NO,YES,0.0,"AmazonHelp provided a DM redirect and asked for specific information, but no meaningful support action or observable outcome was provided.",DISAGREE
11,21873,YES,NO,NO,NO,YES,0.0,"The conversation lacks meaningful support actions and observable outcomes. Customer reaction is absent, and the conversation does not conclude with a resolution or a clear next step.",DISAGREE
64,462534,YES,NO,YES,NO,NO,0.0,"AmazonHelp provided a link for checking firmware updates and troubleshooting tips, which are meaningful support actions. However, there was no direct customer reaction to these actions, and no DM redirect was given. The conversation does not end with a meaningful observable outcome.",DISAGREE
177,183557,YES,NO,YES,NO,NO,0.0,"AmazonHelp provided a link for reporting the issue, which is a meaningful support action, but there was no customer reaction to this action and no DM redirect was observed.",DISAGREE
101,1458044,NO,NO,NO,NO,YES,0.0,AmazonHelp only provided a DM redirect without a concrete support action or observable outcome.,AGREE
137,115916,YES,NO,NO,NO,NO,0.0,"The conversation lacks a meaningful support action or observable outcome directly related to the customer's issue. Customer reactions are not present, and there is no DM redirect.",DISAGREE
188,246407,NO,NO,YES,NO,YES,0.0,"Customer did not provide a meaningful observable outcome or reaction after the DM redirect. Evidence of a concrete support action was observed, but without a customer reaction, evidence completeness cannot be confirmed.",AGREE
130,1445390,NO,NO,YES,NO,YES,0.0,AmazonHelp provides a DM redirect but no concrete support action or observable outcome. Customer does not provide a reaction.,AGREE
17,1120448,YES,NO,YES,NO,NO,0.0,"Customer did not provide a reaction after the support action, and there was no DM redirect.",DISAGREE
73,2915803,YES,NO,YES,NO,YES,0.0,"AmazonHelp asks for specific information needed to investigate and provides a DM redirect, but there is no observable customer reaction to a meaningful support action or useful outcome.",DISAGREE
148,726333,NO,NO,NO,NO,YES,0.0,AmazonHelp only provided a DM redirect link without any concrete support action or observable outcome.,AGREE
55,2545391,YES,NO,YES,YES,YES,0.0,"AmazonHelp asked for specific information needed to investigate and provided a DM redirect, but no concrete troubleshooting steps or specific instructions were given, and the customer's issue remains unresolved.",DISAGREE
1,869856,NO,NO,YES,NO,YES,0.0,"AmazonHelp asked for specific information needed to investigate, which is a meaningful support action. However, there was no observable outcome or customer reaction following this action, and the conversation ended without a resolution.",AGREE
99,2011963,YES,NO,YES,NO,YES,0.0,"AmazonHelp asked for specific information needed to investigate, which is a meaningful support action. However, there was no observable outcome or customer reaction following this action, and the conversation ended without a resolution.",DISAGREE
151,1608593,NO,NO,YES,NO,YES,0.0,AmazonHelp escalated the issue internally but did not provide a concrete support action or observable outcome in the conversation.,AGREE
93,619973,YES,NO,NO,NO,NO,0.0,"AmazonHelp provided a generic response without a specific next step or troubleshooting instructions, and there was no observable customer reaction or DM redirect.",DISAGREE
156,2724491,NO,NO,NO,NO,YES,0.0,"AmazonHelp only apologized and asked the customer to DM for further details, without providing specific troubleshooting steps, next steps, or concrete support actions.",AGREE
5,2974816,YES,NO,YES,NO,NO,0.0,AmazonHelp asks for feedback but does not provide a concrete support action or observable outcome.,DISAGREE
168,1578308,NO,NO,NO,NO,YES,0.0,AmazonHelp only responded with a DM redirect without providing any concrete support action or observable outcome.,AGREE
126,2632946,YES,NO,NO,NO,YES,0.0,AmazonHelp redirected the customer to DM without providing a concrete support action or observable outcome.,DISAGREE
98,760425,YES,NO,YES,NO,NO,0.0,"While AmazonHelp asked for specific information and provided a concrete support action, there was no observable outcome or customer reaction to these actions, and no DM redirect occurred.",DISAGREE
154,1120423,YES,NO,NO,NO,NO,0.0,"The conversation lacks meaningful support actions and customer reactions following those actions. There is no evidence of AmazonHelp asking for specific information, providing troubleshooting, or giving specific next steps. The customer's messages are focused on complaints and do not provide observable outcomes or reactions to support actions.",DISAGREE
9,239427,NO,NO,NO,NO,YES,0.0,"AmazonHelp only replied to the customer's DM without providing any concrete support action or observable outcome. Customer reaction is not present, and the conversation does not provide enough evidence of support actions or customer reactions.",AGREE
84,2855169,YES,NO,YES,NO,NO,0.0,"While AmazonHelp asked for specific information and provided instructions, there was no observable outcome or customer reaction to a meaningful support action, and no DM redirect was observed.",DISAGREE
160,848196,YES,NO,NO,YES,NO,0.0,"AmazonHelp asked for specific information needed to investigate, but did not perform a concrete support action or provide a useful observable outcome.",DISAGREE
86,2290929,YES,NO,YES,NO,YES,0.0,AmazonHelp provided a DM redirect but no concrete support action or observable outcome. Customer did not provide a reaction.,DISAGREE
87,2910317,YES,NO,NO,NO,NO,0.0,"The conversation lacks meaningful support actions and observable outcomes. Customer reactions are not directly tied to relevant support actions, and there is no DM redirect. The conversation also contains generic apologies and lacks a resolution.",DISAGREE
14,845680,YES,NO,YES,NO,YES,0.0,Customer did not provide a meaningful observable outcome or reaction after the DM redirect.,DISAGREE
35,792046,YES,NO,YES,NO,YES,0.0,"AmazonHelp initiated a DM redirect, but no concrete support action or observable outcome was provided in the conversation.",DISAGREE
174,1753347,YES,NO,YES,NO,NO,0.0,"AmazonHelp provided an apology and a link for further action, but no concrete troubleshooting steps, specific instructions, or next steps were given. Customer did not provide a reaction after the support action, and there was no DM redirect.",DISAGREE
94,1321660,YES,NO,YES,NO,NO,0.0,AmazonHelp provided a link to a support page but did not perform a concrete support action or provide a meaningful observable outcome.,DISAGREE
181,950260,NO,NO,YES,NO,YES,0.0,"AmazonHelp initiated a DM redirect, but no concrete support action or observable outcome was provided in the conversation.",AGREE
34,2790617,YES,NO,YES,NO,NO,0.0,"AmazonHelp provided a link for locating the package and a form for assistance, which are concrete support actions. However, there was no observable outcome provided by the customer, and no DM redirect was made. Customer reaction is not observed as there is no response to the support action.",DISAGREE
22,492239,NO,NO,NO,NO,YES,0.0,AmazonHelp redirected to DM but did not perform a concrete support action or receive a customer reaction.,AGREE
133,975060,YES,NO,YES,NO,YES,0.0,"Customer did not provide a reaction after the DM redirect. Evidence of a meaningful support action and a useful observable outcome are present, but without customer reaction, evidence completeness cannot be confirmed.",DISAGREE
191,372168,YES,NO,NO,NO,NO,0.0,AmazonHelp did not perform a concrete support action or provide a meaningful observable outcome. Customer reaction and DM redirect were not observed.,DISAGREE
88,2450868,YES,NO,YES,NO,NO,0.0,"AmazonHelp provided a link for the customer to learn how to turn off viewing restrictions, which is a specific support action. However, there was no observable outcome or customer reaction to this action, and no DM redirect was made. The conversation lacks evidence completeness as there is no resolution or observable outcome.",DISAGREE
122,2787693,NO,NO,YES,YES,YES,0.0,"AmazonHelp asked for specific information needed to investigate, which is a meaningful support action. However, there is no observable outcome provided by the customer, and the conversation does not conclude with a resolution or a clear next step.",AGREE
109,1370162,YES,NO,YES,NO,YES,0.0,"Customer did not provide a meaningful observable outcome after the support action, and there was no direct customer reaction to the support action.",DISAGREE
104,1212741,NO,NO,YES,NO,YES,0.0,"AmazonHelp asked for specific information needed to investigate and provided a DM redirect, but there was no observable customer reaction or resolution.",AGREE
146,2379749,YES,YES,YES,YES,NO,0.95,"AmazonHelp provided specific instructions for direct assistance and customer Michael confirmed receiving one refund, which is a meaningful observable outcome.",AGREE
38,2959926,YES,NO,YES,NO,NO,0.0,AmazonHelp asked for information needed to investigate but did not provide a concrete support action or observable outcome.,DISAGREE
159,279987,YES,NO,NO,NO,NO,0.0,"The conversation lacks meaningful support actions, customer reactions, and a DM redirect. Evidence completeness requires more than just an apology and a promise to contact the customer later.",DISAGREE
70,2429494,YES,NO,NO,NO,NO,0.0,"AmazonHelp did not perform a concrete support action, nor did they provide a meaningful observable outcome or customer reaction.",DISAGREE
90,2789030,YES,NO,YES,NO,YES,0.0,AmazonHelp provides a DM redirect but no concrete support action or observable outcome. Customer does not provide a reaction.,DISAGREE
3,907089,NO,NO,NO,NO,YES,0.0,AmazonHelp only replied with a DM redirect without providing a concrete support action or observable outcome.,AGREE
20,1445421,YES,NO,YES,NO,YES,0.0,AmazonHelp provided a DM redirect but no concrete support action or observable outcome. Customer did not provide a reaction to the DM redirect.,DISAGREE
68,897610,NO,NO,NO,NO,YES,0.0,Customer only acknowledged the DM redirect without any observable support action or outcome.,AGREE
176,2926326,YES,NO,YES,YES,NO,0.9,"AmazonHelp asked for specific information needed to investigate, which is a meaningful support action. However, there is no direct evidence of a meaningful support action or observable outcome provided in the conversation, and the customer's reaction does not follow a relevant support action due to the DM redirect.",DISAGREE
52,1430379,YES,NO,NO,NO,NO,0.0,"AmazonHelp only apologized and asked for tracking info without providing specific troubleshooting, next steps, or concrete support action. Customer did not provide a reaction to the support action, and there was no DM redirect.",DISAGREE
79,1043150,NO,NO,YES,NO,YES,0.0,"AmazonHelp asked for specific information needed to investigate, which is a meaningful support action, but there was no observable outcome or customer reaction following this action. Additionally, the DM redirect was made, but without a subsequent meaningful public support action or observable outcome, evidence completeness cannot be confirmed.",AGREE
44,727818,YES,NO,YES,NO,NO,0.0,"AmazonHelp provides a concrete support action by asking the customer to report the issue, but there is no observable outcome or customer reaction provided after this action.",DISAGREE
65,493271,YES,NO,YES,NO,YES,0.0,"Customer did not provide a meaningful observable outcome after the DM redirect, and there was no customer reaction to the concrete support action.",DISAGREE
67,1264452,YES,NO,YES,NO,NO,0.0,AmazonHelp asks for specific information needed to investigate but does not provide a concrete support action or observable outcome.,DISAGREE
144,1701059,YES,NO,NO,NO,NO,0.0,"The conversation lacks meaningful support actions and observable outcomes. Customer reaction is not present after a relevant support interaction, and there is no DM redirect.",DISAGREE
62,830139,NO,NO,YES,NO,YES,0.0,"AmazonHelp asked for specific information needed to investigate and redirected the customer to DM, but there was no observable customer reaction or meaningful outcome provided.",AGREE
21,379772,YES,NO,NO,NO,NO,0.0,AmazonHelp did not perform a concrete support action or provide a meaningful observable outcome. Customer reaction and DM redirect were not observed.,DISAGREE
145,915403,YES,NO,YES,YES,NO,0.0,"Customer reaction occurred after relevant support action, but no meaningful support action or observable outcome was provided. DM redirect was attempted but not followed by a meaningful support action or observable outcome.",DISAGREE
155,2332742,YES,NO,YES,NO,NO,0.0,"AmazonHelp asked for feedback and mentioned working on it, which is a concrete support action. However, there was no observable outcome or customer reaction following this action, and no DM redirect was given. The conversation lacks a meaningful observable outcome or reaction.",DISAGREE
184,2964021,YES,NO,NO,NO,NO,0.0,"The conversation lacks meaningful support actions and observable outcomes. Customer reaction is negative without a resolution, and there is no DM redirect or meaningful support action.",DISAGREE
15,1699752,YES,NO,YES,NO,YES,0.0,"AmazonHelp asks for a call to investigate, which is a concrete support action, but there is no customer reaction observed, and the conversation ends without a resolution or observable outcome.",DISAGREE
141,2827333,NO,NO,NO,NO,YES,0.0,AmazonHelp only redirected the customer to DM without providing a concrete support action or observable outcome.,AGREE
140,1483559,YES,NO,YES,NO,YES,0.0,"AmazonHelp performs a DM redirect, but there is no observable customer reaction to a meaningful support action, and the conversation lacks a clear resolution or observable outcome.",DISAGREE
76,1616321,NO,NO,NO,NO,NO,0.0,"AmazonHelp only apologizes and asks for the customer's address without providing specific troubleshooting, next steps, or concrete support action. Customer does not provide a reaction to the support action, and there is no DM redirect.",AGREE
80,1034668,NO,NO,NO,NO,YES,0.0,AmazonHelp only redirected the customer to DM without providing a concrete support action or observable outcome.,AGREE
