annotation_id,conversation_id,human_evidence_complete,judge_evidence_complete,human_action_observed,judge_action_observed,human_customer_reaction_observed,judge_customer_reaction_observed,human_dm_redirect,judge_dm_redirect,judge_confidence,judge_reason,agreement
116,191589,NO,NO,YES,NO,YES,NO,YES,YES,0.65,The conversation lacks concrete support actions or investigation routes. The agent's response is generic and does not address the specific issue of the locked account and the monthly charge. The customer's reaction is not observed as they did not reply to the agent's message.,AGREE
92,785789,NO,NO,NO,NO,NO,YES,YES,YES,0.65,"The conversation includes a customer complaint and a DM redirection, but lacks a clear support action or resolution. The customer's reaction is observable, but it's not clear if it's in response to a support action.",AGREE
16,575311,NO,NO,YES,NO,YES,YES,NO,YES,0.65,"The conversation contains customer complaints and demands for action, but lacks concrete support actions or resolutions. The agent's responses are generic and do not provide a clear support path or resolution. DM usage indicates a lack of substantive public action.",AGREE
58,436906,NO,NO,YES,NO,YES,YES,NO,NO,0.65,"The conversation lacks a clear, concrete support action or investigation route provided by the agent. Customer reactions are observed, but without substantive agent actions, the conversation does not provide sufficient evidence for a grounded example.",AGREE
124,2469406,YES,NO,YES,NO,YES,NO,YES,YES,0.65,"The conversation lacks concrete support actions and observable outcomes. While there are mentions of issues and requests for information, there is no clear resolution or guidance provided. The conversation also includes a DM redirect without substantive public action.",DISAGREE
6,108167,NO,NO,NO,NO,YES,NO,NO,NO,0.0,"The conversation lacks a clear customer issue, meaningful support action, or observable outcome.",AGREE
194,970632,NO,NO,NO,NO,YES,YES,NO,YES,0.65,"The conversation lacks a concrete support action or investigation route. The agent's response does not provide a solution or alternative, and the conversation does not show a meaningful outcome or customer reaction to a specific support action.",AGREE
197,838573,YES,NO,YES,NO,YES,YES,NO,YES,0.65,"The conversation lacks a concrete support action or investigation route. Customer's issue is not resolved, and there is a DM redirect without substantive public action.",DISAGREE
89,480449,NO,NO,NO,NO,NO,NO,YES,YES,0.0,The conversation lacks a meaningful support action or observable outcome. The agent's response is generic and does not provide a substantive support action or guidance.,AGREE
186,1983638,NO,NO,NO,NO,YES,YES,NO,YES,0.65,"The conversation contains customer frustration and a humorous tone, but lacks a clear issue, support action, or customer reaction to a support action. DM redirection is observed, but without substantive public action.",AGREE
192,311046,YES,NO,NO,NO,YES,YES,NO,YES,0.65,"The conversation lacks concrete support actions or resolutions. Customer reactions are present, but without substantive agent actions or resolutions, the evidence is not complete.",DISAGREE
169,1767527,NO,NO,NO,NO,NO,YES,YES,YES,0.65,"The conversation includes a customer complaint and a request for DM, but lacks a concrete support action or resolution. The agent's response does not provide a clear support action or resolution path.",AGREE
91,1773832,NO,NO,NO,NO,NO,YES,NO,NO,0.65,"The conversation includes a customer issue and a request for further information, but lacks a concrete support action or observable outcome. The agent's responses are generic and do not provide a substantive action or guidance.",AGREE
81,745999,NO,NO,NO,NO,YES,YES,NO,NO,0.65,"The conversation lacks a clear, concrete support action or resolution. Customer reaction is present, but without a substantive agent action or resolution, it cannot be considered complete evidence.",AGREE
107,377467,NO,NO,NO,NO,NO,NO,YES,YES,0.65,"The conversation contains a customer issue and a DM redirection, but lacks a meaningful support action or observable outcome.",AGREE
147,2710355,NO,NO,YES,NO,YES,YES,NO,NO,0.65,"The conversation includes a customer complaint about packaging, but lacks a concrete support action or investigation route. The agent's response is generic and does not provide a specific action to address the issue.",AGREE
189,513546,YES,NO,NO,NO,NO,YES,NO,YES,0.75,The conversation contains generic pleasantries and a DM redirect without substantive support actions or outcomes.,DISAGREE
119,1080303,YES,NO,YES,NO,YES,YES,NO,NO,0.65,"The conversation lacks a concrete support action or investigation route provided by the agent. Customer's reaction is observed, but no substantive guidance or outcome is evident.",DISAGREE
45,1666207,NO,NO,YES,NO,NO,NO,NO,YES,0.65,The conversation lacks a concrete support action or investigation route. The agent's response is generic and does not provide a clear next step for the customer. The conversation also includes a DM redirect without a substantive public action.,AGREE
152,1736150,NO,NO,YES,NO,YES,NO,NO,NO,0.0,"The conversation lacks concrete support actions, observable outcomes, and does not provide a clear support pattern.",AGREE
25,2927074,NO,NO,NO,NO,YES,YES,YES,YES,0.65,"The conversation includes customer frustration and a request for a phone number, but lacks a clear support action or resolution. The agent's response is generic and does not provide a substantive support action or investigation route.",AGREE
57,170894,NO,NO,YES,NO,NO,YES,YES,YES,0.65,"The conversation contains customer frustration and a request for DM, but lacks concrete support actions or resolutions.",AGREE
43,2213789,YES,NO,NO,NO,NO,YES,NO,NO,0.65,"The conversation lacks a concrete support action or investigation route. Customer reaction is observed, but no resolution or guidance is provided.",DISAGREE
128,1349077,YES,NO,YES,NO,NO,YES,YES,YES,0.65,"The conversation lacks a clear, observable support action or outcome. The agent's response is generic and does not provide a substantive action or guidance. The conversation also includes a DM redirect without further public support action.",DISAGREE
114,1034249,NO,NO,NO,NO,YES,YES,YES,YES,0.65,"The conversation lacks a clear, concrete support action or investigation route. The agent's responses are generic and do not provide a substantive action plan for the customer's issue. The customer's frustration is evident, but without a resolution or clear next steps, the conversation does not provide sufficient evidence for a grounded example.",AGREE
120,695119,NO,NO,YES,NO,YES,YES,NO,YES,0.65,"The conversation includes customer frustration and a request for assistance, but lacks a clear, concrete support action or resolution. The agent's response is generic and does not provide a substantive action or resolution path. A DM redirect is observed, but without further context, it's unclear if meaningful support followed.",AGREE
198,2747173,NO,NO,YES,NO,NO,NO,NO,YES,0.65,The conversation lacks a concrete support action or investigation route. The agent's response is generic and does not provide a specific next step for the customer to follow.,AGREE
195,505803,NO,NO,NO,NO,YES,YES,YES,YES,0.65,"The conversation shows a customer expressing dissatisfaction and seeking a DM, but the agent's response does not contain a concrete support action or investigation route. The conversation also includes a DM redirection without providing a public support action.",AGREE
100,1742679,NO,NO,YES,YES,YES,YES,NO,YES,0.65,"The conversation includes a customer issue and a meaningful support action, but the conversation lacks a concrete outcome and contains generic apologies.",AGREE
13,2129938,NO,NO,YES,NO,YES,YES,NO,YES,0.45,"The conversation lacks a clear, concrete support action or investigation route. The agent's response is generic and does not provide a substantive action plan for the customer's issue. Additionally, the conversation includes a DM redirect without meaningful public action.",AGREE
66,327026,NO,NO,YES,NO,YES,NO,NO,YES,0.65,"The conversation lacks a concrete support action or investigation route. The agent's response is generic and does not address the customer's issue directly. A DM redirect is observed, but without further evidence of a substantive action, the conversation cannot be considered complete evidence.",AGREE
72,2394498,NO,NO,NO,NO,NO,NO,YES,YES,0.0,"The conversation lacks concrete support actions, observable outcomes, and customer reactions to support actions. The agent's response is a DM redirect without providing substantive support information.",AGREE
132,358786,NO,NO,YES,NO,YES,YES,NO,NO,0.45,"The conversation lacks concrete support actions and observable outcomes. Customer reactions are present, but without substantive agent actions or resolutions, it cannot be considered EVIDENCE_COMPLETE.",AGREE
7,2053570,NO,NO,NO,NO,NO,NO,YES,YES,0.75,The conversation lacks a concrete support action or investigation route. The agent only provides a DM link without further support guidance or action.,AGREE
47,1731188,NO,NO,YES,NO,NO,YES,NO,NO,0.65,"The conversation lacks a concrete support action or investigation route. Customer reaction is observed, but without a substantive agent response or resolution, it cannot be considered complete evidence.",AGREE
187,1208365,NO,NO,NO,NO,NO,NO,NO,YES,0.0,"The conversation lacks a clearly identifiable customer issue, meaningful support action, or observable outcome.",AGREE
127,1416039,YES,NO,YES,YES,NO,NO,NO,NO,0.65,"The conversation includes a concrete support action (providing a link to the help page), but lacks a clear customer reaction to this action and does not show a resolution of the issue.",DISAGREE
32,1922923,NO,NO,NO,NO,YES,YES,YES,YES,0.65,"The conversation lacks a clear, observable support action or outcome. The agent's response is generic and redirects to DM without providing a substantive public action or guidance.",AGREE
118,191621,NO,NO,NO,NO,YES,NO,YES,YES,0.0,The conversation lacks a meaningful support action or observable outcome. The agent's response is a DM redirect without substantive public action or guidance.,AGREE
31,972287,NO,NO,YES,NO,NO,NO,YES,YES,0.65,"The conversation lacks concrete support actions or observable outcomes. The agent's responses are generic and do not provide a clear support path or resolution. DM redirection is noted, but without further evidence, the conversation cannot be considered complete.",AGREE
111,1137322,NO,NO,YES,NO,YES,YES,YES,YES,0.65,"The conversation contains generic apologies and acknowledgements but lacks concrete support actions or resolutions. Customer reactions are observed, but without substantive actions or resolutions, the evidence is not complete.",AGREE
83,2280500,YES,NO,YES,YES,YES,YES,NO,NO,0.65,"The conversation includes a customer issue and a meaningful support action, but lacks a concrete outcome or observable reaction to the support action.",DISAGREE
103,1347549,YES,NO,YES,NO,YES,YES,NO,NO,0.65,"The conversation contains customer complaints and mentions of a support action, but lacks a clear resolution or concrete support steps. Customer reactions are observed, but there is no meaningful agent action or resolution path provided.",DISAGREE
166,1605135,NO,NO,NO,NO,NO,NO,NO,NO,0.0,"The conversation lacks a clear customer issue, meaningful support action, or observable outcome. It consists mainly of greetings and generic language without substantive support evidence.",AGREE
12,2764438,YES,NO,YES,NO,YES,YES,NO,NO,0.75,"The conversation lacks a concrete support action or investigation route provided by the agent. Customer reaction is observed, but without a meaningful agent response, the conversation does not provide sufficient evidence for a grounded historical example.",DISAGREE
77,2278373,NO,NO,NO,NO,NO,YES,YES,YES,0.75,"The conversation shows a customer's reaction and a DM redirection, but lacks a clear customer issue, meaningful support action, or observable outcome.",AGREE
54,306929,NO,NO,NO,NO,YES,NO,YES,YES,0.0,"The conversation lacks concrete evidence of a customer issue, meaningful support action, and customer reaction. The only action observed is a DM redirection, which alone does not provide enough information for a grounded historical example.",AGREE
139,2288561,YES,NO,YES,NO,YES,YES,NO,YES,0.75,"The conversation lacks a concrete support action or investigation route provided by the agent. The customer's reaction is observed, but without a meaningful agent response, the conversation does not provide sufficient evidence for a grounded historical example.",DISAGREE
200,230072,NO,NO,YES,NO,YES,NO,NO,NO,0.0,"The conversation lacks concrete evidence of a customer issue, meaningful support action, and observable outcome. The agent's response is generic and does not provide a specific action or resolution path. Customer replies are not directly related to the agent's actions, and there is no mention of a support form, phone/chat route, or concrete investigation path.",AGREE
19,2385836,NO,NO,YES,NO,YES,YES,YES,YES,0.65,"The conversation shows customer dissatisfaction and a cancellation of the order, but lacks concrete support actions or resolutions. The agent's responses are generic and do not provide a clear support path or resolution. DM redirection is noted, but without substantive evidence, the conversation cannot be considered complete evidence for grounded historical examples.",AGREE
164,2184781,NO,NO,NO,NO,NO,NO,YES,YES,0.0,"The conversation lacks concrete support evidence, observable reactions, and meaningful agent actions. The customer's request for a DM and the agent's response are generic and do not provide a substantive support action or observable outcome.",AGREE
150,1936464,NO,NO,NO,NO,YES,YES,YES,YES,0.75,"The conversation shows a customer seeking urgent help and an agent's DM redirection, but lacks concrete support actions or observable outcomes. Customer reaction is observed, but not after a meaningful support action.",AGREE
85,38802,YES,NO,YES,NO,YES,YES,NO,NO,0.65,"The conversation lacks a clear, concrete support action or observable outcome. The agent provides a link and steps for the customer to follow, but there is no evidence of the customer taking these steps or the outcome of doing so. Additionally, the conversation does not provide enough context to establish a useful support pattern.",DISAGREE
134,197806,NO,NO,YES,NO,NO,NO,YES,YES,0.75,The conversation lacks concrete support actions or observable outcomes. The agent's response is generic and does not provide a clear support path or resolution. Customer reaction is not observed post-agent action.,AGREE
171,2621028,YES,NO,YES,NO,YES,YES,NO,NO,0.65,"The conversation includes customer complaints and a request for investigation, but lacks a clear, concrete support action or observable outcome. The agent's response is generic and does not provide a specific action or resolution.",DISAGREE
190,289006,YES,NO,YES,NO,NO,YES,NO,NO,0.0,"The conversation lacks a clear customer issue, meaningful support action, or observable outcome related to the support process. The customer's message is generic praise without a specific issue or action, and the agent's response is generic and non-specific, lacking substantive support evidence.",DISAGREE
53,352903,YES,NO,YES,NO,YES,YES,YES,YES,0.65,"The conversation contains customer concerns and requests for information, but lacks clear evidence of a support action addressing the issue. The agent's responses are generic and do not provide a concrete support route or investigation step. Customer reactions are observed, but the conversation does not conclude with a resolution or a clear support action.",DISAGREE
105,231745,NO,NO,YES,NO,YES,YES,NO,NO,0.65,"The conversation lacks concrete support actions and observable outcomes. Customer reactions are present, but without substantive agent actions or resolutions, the evidence is insufficient.",AGREE
46,1279904,NO,NO,YES,NO,YES,YES,NO,NO,0.25,"The conversation lacks a clear customer issue and meaningful support action. Customer reactions are present, but without substantive support evidence or resolution, the conversation cannot be considered complete evidence for a support example.",AGREE
115,507114,YES,NO,YES,NO,YES,YES,NO,NO,0.75,"The conversation shows a customer reaction to an apology, but there is no concrete support action or investigation route provided. The customer's reaction is positive, but without a clear resolution or support action, it cannot be considered complete evidence.",DISAGREE
42,2187356,NO,NO,YES,NO,NO,NO,NO,NO,0.0,"The conversation lacks a concrete issue, support action, and observable outcome. The customer's demand for a refund and the agent's generic response do not provide sufficient evidence for a grounded historical example.",AGREE
24,340859,NO,NO,YES,NO,NO,NO,NO,NO,0.0,"The conversation lacks concrete evidence of a customer issue, meaningful support action, and observable outcome. The customer's messages are generic complaints without specifics, and the agent's response does not contain a substantive action or investigation route.",AGREE
161,511713,NO,NO,YES,NO,NO,NO,YES,YES,0.0,"The conversation lacks concrete evidence of a customer issue, a meaningful support action, and a customer reaction. The only action observed is the agent providing a DM link, which is not a substantive support action. Customer reaction is not observed, and there is no observable outcome. The conversation is too context-poor to establish a useful support pattern.",AGREE
172,1737617,NO,NO,YES,NO,YES,NO,YES,YES,0.75,"The conversation lacks concrete evidence of a support action addressing the customer's issue. The agent's responses are generic and do not provide a clear support route or investigation step. Customer reactions are not observed post-agent action, and the conversation does not establish a useful support pattern.",AGREE
173,582618,NO,NO,NO,NO,YES,YES,YES,YES,0.65,"The conversation lacks a clear, concrete support action or resolution. Customer reactions are present, but without substantive support evidence, the conversation cannot be considered complete for grounded historical example.",AGREE
170,418435,NO,NO,YES,NO,YES,NO,YES,YES,0.75,"The conversation lacks a clear, identifiable customer issue and a meaningful support action or outcome. The agent's response is generic and does not provide a concrete support route or investigation step. The customer's message indicates a scheduling conflict, but there is no follow-up or resolution provided in the transcript. The DM redirect is the only concrete action observed.",AGREE
178,888340,NO,NO,YES,NO,YES,YES,YES,YES,0.65,"The conversation lacks concrete support actions and observable outcomes. While there are customer reactions and DM redirections, there is no clear resolution or support guidance provided. The conversation is filled with customer frustration and demands without corresponding support actions.",AGREE
143,2602238,YES,NO,YES,NO,YES,YES,YES,YES,0.65,"The conversation lacks a clear, concrete support action or investigation route. Customer reactions are observed, but without substantive support actions, the conversation does not provide sufficient evidence for a grounded historical example.",DISAGREE
95,1212685,YES,NO,YES,NO,YES,YES,NO,NO,0.25,"The conversation lacks a clear, concrete support action or observable outcome. Customer reactions are present, but without substantive actions or resolutions, the evidence is incomplete.",DISAGREE
51,380430,YES,NO,YES,NO,YES,YES,YES,YES,0.75,"The conversation lacks a clear, observable outcome or resolution. The customer's demand for a refund confirmation is not met with a concrete action or response, and the agent's DM response does not provide a definitive resolution or next step. Customer reaction is observed, but without a substantive action or resolution, the conversation does not provide sufficient evidence for a grounded historical example.",DISAGREE
129,2899668,YES,NO,YES,NO,YES,NO,YES,YES,0.65,"The conversation lacks concrete evidence of a support action or observable outcome. The customer's repeated messages and the agent's apologies do not provide a clear support pattern or resolution. DM redirection is present, but without substantive evidence, the conversation cannot be considered complete.",DISAGREE
40,1325479,YES,NO,YES,NO,NO,NO,NO,NO,0.0,"The conversation lacks a concrete support action, observable customer reaction, and does not provide enough context to establish a support pattern.",DISAGREE
60,549485,YES,NO,YES,NO,YES,YES,NO,NO,0.0,"The conversation lacks a clear customer issue, meaningful support action, or observable outcome. The agent's response does not provide concrete information or guidance, and there is no customer reaction to a specific support action.",DISAGREE
121,394424,NO,NO,YES,NO,YES,NO,YES,YES,0.25,"The conversation lacks concrete evidence of a support action addressing the customer's issue. There are multiple instances of DM redirection without substantive support evidence being visible. Customer reactions are not observed after relevant support actions, and the conversation does not provide a useful observable outcome or concrete agent action that can be reused as support guidance.",AGREE
108,1734582,YES,NO,YES,NO,YES,YES,NO,NO,0.65,"The conversation shows customer confusion and frustration, but lacks concrete support actions or resolutions. Customer reactions are observed, but no meaningful support guidance or resolution is provided in the transcript.",DISAGREE
163,1113536,YES,NO,YES,NO,NO,NO,NO,NO,0.0,"The conversation lacks a concrete support action, observable outcome, and customer reaction to a specific support action. There is also no DM redirection.",DISAGREE
125,626860,NO,NO,YES,NO,YES,YES,YES,YES,0.65,"The conversation lacks concrete support actions and observable outcomes. Customer reactions are present, but without substantive actions or resolutions, the conversation does not provide sufficient evidence for a grounded historical example.",AGREE
10,1604981,YES,NO,YES,NO,YES,YES,YES,YES,0.65,"The conversation shows a customer reporting a potential fraudulent charge and seeking a refund. However, there is no concrete support action or observable outcome provided in the transcript. The agent's response to investigate and the customer's reaction to the investigation route are not visible. The DM redirect is noted but lacks substantive evidence.",DISAGREE
75,2868358,YES,NO,YES,NO,NO,YES,NO,NO,0.75,"The conversation lacks a clear customer issue and a meaningful support action or outcome. The agent's response is generic and does not provide a concrete support route or investigation step. Customer reaction is observed, but it is not in response to a support action.",DISAGREE
199,132373,NO,NO,NO,NO,NO,NO,NO,NO,0.0,"The conversation lacks a clear customer issue, meaningful support action, and observable outcome. There is no concrete agent action or customer reaction to the support action.",AGREE
63,1432252,YES,NO,YES,NO,YES,YES,NO,NO,0.65,"The conversation lacks a concrete support action or investigation route provided by the agent. Customer reaction is observed, but without a meaningful agent action, the conversation cannot be considered complete evidence for grounded historical examples.",DISAGREE
175,19440,YES,NO,YES,NO,YES,NO,YES,YES,0.75,"The conversation lacks a clear customer issue and meaningful support action. The agent's response is generic and does not provide a concrete support route or investigation step. Customer reactions are not observed, and the conversation does not establish a useful support pattern.",DISAGREE
167,460023,NO,NO,NO,NO,YES,YES,NO,NO,0.25,"The conversation lacks a clear customer issue and meaningful support action. Customer reactions are present, but without substantive support evidence or guidance, the conversation does not provide a grounded historical example.",AGREE
123,387119,YES,NO,YES,NO,YES,YES,YES,YES,0.65,"The conversation includes customer complaints and a DM redirection, but lacks a clear resolution or concrete support actions. Customer reactions are observed, but the conversation does not provide enough evidence for a grounded historical example.",DISAGREE
142,578409,NO,NO,NO,NO,NO,NO,NO,NO,0.0,"The conversation lacks a clear customer issue, meaningful support action, observable outcome, and customer reaction to the support action. There is no evidence of a support form, phone/chat route, or concrete investigation path provided. The conversation is too context-poor to establish a useful support pattern.",AGREE
82,863372,YES,NO,YES,YES,YES,YES,NO,YES,0.75,"The conversation includes a customer complaint and an agent's response to redirect to a support form, which are concrete actions. However, there is no clear resolution or observable outcome to the issue, and the conversation lacks sufficient detail to establish a grounded support pattern.",DISAGREE
11,21873,YES,NO,YES,NO,YES,YES,YES,YES,0.65,"The conversation lacks concrete support actions or observable outcomes. Customer reactions are present, but without substantive actions or resolutions, the evidence is too vague to be complete.",DISAGREE
64,462534,YES,NO,YES,NO,YES,YES,NO,NO,0.65,The conversation lacks a concrete support action or investigation route provided by the agent. The customer's reaction is generic and does not confirm the resolution of the issue. DM redirection is not present.,DISAGREE
177,183557,YES,NO,YES,NO,YES,YES,NO,NO,0.65,"The conversation includes a customer issue and a request for a report, but there is no visible support action or customer reaction to the agent's response. The conversation also includes a DM redirect, but without substantive evidence, it cannot be considered complete.",DISAGREE
101,1458044,NO,NO,NO,NO,YES,YES,YES,YES,0.65,"The conversation lacks a clear, concrete support action or investigation route. The customer's reaction is observed, but there is no follow-up from the agent that provides evidence of a support action or resolution. DM redirection is noted, but without substantive evidence, the conversation cannot be considered complete.",AGREE
137,115916,YES,NO,NO,NO,NO,YES,NO,NO,0.0,"The conversation lacks a clear customer issue, meaningful support action, or observable outcome related to the support interaction. The customer's message is primarily a positive feedback about the product and does not provide a basis for a grounded historical example in support.",DISAGREE
188,246407,NO,NO,YES,NO,YES,YES,YES,YES,0.25,The conversation lacks concrete support actions or observable outcomes. The customer's reactions are emotional and do not provide evidence of a resolved issue. DM redirection is present but without substantive support evidence.,AGREE
130,1445390,NO,NO,YES,NO,NO,NO,YES,YES,0.65,"The conversation lacks a concrete support action or observable outcome. The agent's response does not provide a clear support route or investigation step. Customer's reaction is not observed after a relevant action. DM redirection is noted, but without substantive evidence, the conversation is incomplete.",AGREE
17,1120448,YES,NO,YES,NO,YES,YES,NO,NO,0.65,"The conversation lacks a clear, concrete support action or observable outcome. Customer reactions are present, but without a substantive action or resolution, the conversation does not provide sufficient evidence for a grounded historical example.",DISAGREE
73,2915803,YES,NO,YES,NO,YES,YES,NO,NO,0.65,"The conversation includes customer complaints and a request for feedback, but lacks a concrete support action or resolution. The agent's responses are generic and do not provide a clear support path or resolution. Customer reaction is observed, but without a substantive agent action, the conversation does not provide sufficient evidence for a grounded historical example.",DISAGREE
148,726333,NO,NO,YES,NO,YES,YES,NO,YES,0.75,"The conversation lacks a clear, substantive support action or observable outcome. The agent's message is a generic redirect to DM without providing a concrete support route or investigation path. Customer reaction is observed, but it's not linked to a specific support action.",AGREE
55,2545391,YES,NO,YES,NO,YES,YES,NO,YES,0.65,"The conversation lacks a clear, concrete support action or investigation route. The agent's response is generic and does not provide a specific next step for the customer to take. The customer's reaction is positive but does not confirm the resolution of the issue. DM redirection is observed, but without substantive support evidence, it cannot be considered complete evidence.",DISAGREE
1,869856,NO,NO,YES,YES,YES,YES,NO,NO,0.65,"The conversation shows a customer issue with a delayed cashback and an agent's response to investigate. However, there is no concrete outcome or resolution provided, and the conversation lacks sufficient detail to establish a grounded support pattern.",AGREE
99,2011963,YES,NO,NO,NO,YES,NO,NO,YES,0.65,The conversation lacks concrete support actions or observable outcomes. The agent's response is a DM redirection without substantive evidence or guidance. Customer reactions are not observed before or after relevant actions.,DISAGREE
151,1608593,NO,NO,YES,NO,YES,YES,YES,YES,0.65,"The conversation shows a customer repeatedly asking for a DM and receiving generic responses without substantive actions or updates. The agent's responses lack concrete support actions or investigation routes, and there's no observable outcome or customer reaction to a specific support action.",AGREE
93,619973,YES,NO,YES,NO,NO,NO,NO,NO,0.0,"The conversation lacks a concrete support action, observable customer reaction, and does not provide enough context to establish a support pattern.",DISAGREE
156,2724491,NO,NO,YES,NO,YES,YES,YES,YES,0.65,"The conversation shows customer dissatisfaction and multiple attempts to reach support, but lacks a clear, concrete support action or resolution. The agent's response is generic and does not provide a specific next step or resolution. DM redirection is noted, but without further substantive evidence, the conversation cannot be considered complete evidence for grounded historical examples.",AGREE
5,2974816,YES,NO,YES,NO,YES,YES,NO,NO,0.65,"The conversation includes a customer's concern about a missing item in the package, but there is no clear support action or investigation route provided by the agent. The customer's reaction is observed, but without a follow-up action or resolution, the conversation lacks sufficient evidence for a grounded historical example.",DISAGREE
168,1578308,NO,NO,NO,NO,NO,NO,YES,YES,0.0,"The conversation lacks concrete evidence of a customer issue, meaningful support action, and customer reaction. The agent's response is generic and does not provide a support form, phone/chat route, or concrete investigation path. The conversation also includes a DM redirection without substantive support evidence.",AGREE
126,2632946,YES,NO,YES,NO,YES,NO,NO,YES,0.75,"The conversation lacks concrete support actions or observable outcomes. The agent's response is generic and does not provide a specific support route or investigation step. Customer reaction is not observed, and the conversation does not establish a useful support pattern.",DISAGREE
98,760425,YES,NO,NO,NO,YES,YES,NO,NO,0.75,"The conversation lacks a clear, concrete support action or investigation route provided by the agent. Customer reactions are observed, but without substantive actions, the conversation cannot be considered complete evidence for a grounded historical example.",DISAGREE
154,1120423,YES,NO,YES,NO,YES,YES,NO,NO,0.75,"The conversation lacks a clear, concrete support action or investigation route. The customer's issue is mentioned, but no substantive support evidence is visible. Customer reactions are observed, but without a relevant agent action, they cannot be considered observable reactions to support actions.",DISAGREE
9,239427,NO,NO,YES,NO,NO,NO,YES,YES,0.0,"The conversation lacks concrete evidence of a customer issue, meaningful support action, and observable outcome. The only DM redirection observed does not provide substantive support evidence.",AGREE
84,2855169,YES,NO,YES,NO,YES,YES,NO,NO,0.65,"The conversation lacks a clear, concrete support action or resolution. Customer feedback is present, but without a substantive agent response or resolution path, it cannot be considered complete evidence for a grounded historical example.",DISAGREE
160,848196,YES,NO,YES,NO,YES,YES,NO,NO,0.75,"The conversation lacks a concrete support action or investigation route provided by the agent. Customer reaction is observed, but without a meaningful agent action, the conversation cannot be considered complete evidence for grounded historical examples.",DISAGREE
86,2290929,YES,NO,YES,NO,NO,NO,NO,YES,0.75,The conversation lacks a concrete support action or observable outcome. The agent's message is generic and does not provide a specific support route or investigation path. The customer's lack of response also prevents an observable reaction.,DISAGREE
87,2910317,YES,NO,YES,NO,YES,YES,NO,NO,0.0,"The conversation lacks concrete support actions, observable outcomes, and does not provide a clear resolution to the customer's issue.",DISAGREE
14,845680,YES,NO,YES,NO,YES,NO,YES,YES,0.65,"The conversation lacks concrete support actions or observable outcomes. The customer repeatedly mentions receiving the same email without any resolution or follow-up from the agent. The DM redirect is noted, but without substantive evidence, the conversation cannot be considered complete.",DISAGREE
35,792046,YES,NO,YES,NO,YES,YES,YES,YES,0.75,"The conversation shows a customer expressing a concern and the agent's initial response to DM, but there is no concrete support action or observable outcome. The conversation lacks substantive evidence for a grounded historical example.",DISAGREE
174,1753347,YES,NO,YES,NO,YES,YES,NO,NO,0.65,"The conversation lacks a concrete support action or investigation route provided by the agent. Customer reaction is observed, but without a meaningful agent action, the conversation does not provide sufficient evidence for a grounded historical example.",DISAGREE
94,1321660,YES,NO,YES,NO,YES,YES,NO,NO,0.65,"The conversation lacks a concrete support action or investigation route provided by the agent. The customer's reaction is observed, but without a meaningful agent action, there's insufficient evidence for a grounded historical example.",DISAGREE
181,950260,NO,NO,NO,NO,YES,YES,YES,YES,0.65,"The conversation includes a customer complaint and a DM redirection, but lacks a concrete support action or observable outcome. The customer's reaction is observed, but it's not clear if it's in response to a support action.",AGREE
34,2790617,YES,NO,YES,NO,YES,YES,NO,NO,0.65,"The conversation lacks a concrete support action or investigation route provided by the agent. The customer's reaction is observable, but without a meaningful agent action, there's insufficient evidence for a grounded historical example.",DISAGREE
22,492239,NO,NO,NO,NO,NO,NO,YES,YES,0.0,"The conversation lacks concrete evidence of a customer issue, a meaningful support action, and a customer reaction. The only action observed is the agent's DM response, which is not substantive. Customer reaction is not observed, and the conversation does not provide enough context to establish a useful support pattern.",AGREE
133,975060,YES,NO,YES,NO,YES,YES,YES,YES,0.65,"The conversation contains a mix of customer frustration and demands for action, but lacks clear evidence of a support agent taking concrete steps to resolve the issue. The customer's expectation of a call and the mention of a legal case suggest unresolved issues. DM redirection is observed, but without substantive support evidence, the conversation cannot be considered complete evidence for a support example.",DISAGREE
191,372168,YES,NO,YES,NO,NO,NO,NO,NO,0.0,"The conversation lacks a clear customer issue, meaningful support action, and observable outcome. The agent's response is generic and does not provide specific information or guidance. There is no customer reaction to the agent's message, and no DM redirection is observed.",DISAGREE
88,2450868,YES,NO,YES,NO,YES,YES,NO,NO,0.75,The conversation lacks a concrete support action or observable outcome. The agent's response does not provide a solution or a clear next step for the customer's issue with parental controls on 18+ content.,DISAGREE
122,2787693,NO,NO,YES,NO,YES,YES,YES,YES,0.65,"The conversation shows customer frustration and a DM being sent, but lacks concrete support actions or resolution evidence.",AGREE
109,1370162,YES,NO,YES,NO,YES,YES,YES,YES,0.65,"The conversation includes customer frustration and a request for help, but lacks a clear, concrete support action or resolution. The agent's response is generic and does not provide a specific solution or next step. The conversation also includes a DM redirect without substantive support evidence.",DISAGREE
104,1212741,NO,NO,NO,NO,YES,YES,YES,YES,0.65,"The conversation lacks a clear support action or investigation route. The customer's reaction is observed, but there is no follow-up from the agent. DM redirection is provided, but without substantive support evidence.",AGREE
146,2379749,YES,NO,YES,NO,YES,NO,NO,NO,0.65,"The conversation lacks a clear, observable outcome or customer reaction to the agent's action. The agent's response does not provide a concrete next step or resolution for the customer's issue. There is no evidence of a refund being processed or received, and the customer's request for a refund is not directly addressed with a specific action or outcome.",DISAGREE
38,2959926,YES,NO,YES,NO,YES,YES,NO,NO,0.65,"The conversation lacks a concrete support action or investigation route provided by the agent. The customer's reaction is observed, but without a meaningful agent response, there's insufficient evidence for a grounded historical example.",DISAGREE
159,279987,YES,NO,YES,NO,NO,NO,NO,NO,0.0,"The conversation lacks a clear customer issue, meaningful support action, and observable outcome. There is no concrete agent action or investigation path provided, and no customer reaction to a support action is observed.",DISAGREE
70,2429494,YES,NO,YES,NO,YES,YES,NO,NO,0.75,"The conversation lacks a concrete support action or investigation route provided by the agent. The customer's reaction is observed, but without a relevant agent action, it cannot be considered an observable reaction to a support action. DM redirection is not present.",DISAGREE
90,2789030,YES,NO,YES,NO,YES,NO,NO,YES,0.75,"The conversation lacks a clear customer issue and meaningful support action. The agent's response is generic and does not provide a concrete support route or investigation step. Customer replies are not observed, and the conversation does not establish a useful support pattern.",DISAGREE
3,907089,NO,NO,NO,NO,NO,NO,YES,YES,0.0,"The conversation lacks concrete evidence of a customer issue, a meaningful support action, and a customer reaction. The only observable action is the agent's DM reply, which is not substantive without further context. The conversation also includes a DM redirection, which alone does not make the conversation incomplete.",AGREE
20,1445421,YES,NO,YES,NO,NO,NO,NO,YES,0.75,The conversation lacks a concrete support action or observable outcome. The agent's response is generic and does not provide a specific next step or investigation route. Customer reaction is not observed post-agent action. DM redirection is noted but not accompanied by substantive evidence.,DISAGREE
68,897610,NO,NO,NO,NO,NO,YES,YES,YES,0.75,"The conversation shows a customer redirecting to DMs, but there is no visible support action or customer reaction to a support action within the transcript. Confidence is not at 1.0 due to the lack of visible support evidence.",AGREE
176,2926326,YES,NO,YES,NO,YES,NO,NO,NO,0.0,"The conversation lacks a clear issue identification, meaningful support action, and observable customer reaction. There is also no indication of a resolution or a concrete support guidance provided.",DISAGREE
52,1430379,YES,NO,NO,NO,YES,YES,NO,NO,0.75,"The conversation lacks a concrete support action or investigation route. Customer reaction is observed, but without a meaningful agent action, the conversation cannot be considered complete evidence.",DISAGREE
79,1043150,NO,NO,YES,NO,YES,YES,YES,YES,0.65,"The conversation includes a customer complaint and a DM redirection, but lacks a clear resolution or meaningful support action. Customer reaction is observed, but without a subsequent relevant agent action, it cannot be confirmed as an observable reaction to a support action.",AGREE
44,727818,YES,NO,YES,YES,NO,NO,NO,NO,0.65,"The conversation includes a customer issue and an agent's initial response to check the issue. However, there is no concrete support action, observable outcome, or customer reaction to the agent's action provided in the transcript. The agent's response does not contain a specific support form, phone/chat route, or concrete investigation path. Customer reaction to the agent's action is not observed, and there is no mention of DM redirection.",DISAGREE
65,493271,YES,NO,YES,YES,YES,YES,NO,NO,0.65,"The conversation shows customer dissatisfaction and previous attempts to resolve the issue, but lacks a clear resolution or concrete support actions that led to a positive outcome. The agent's responses are generic and do not provide a specific action or resolution path.",DISAGREE
67,1264452,YES,NO,YES,NO,YES,YES,NO,NO,0.65,"The conversation lacks a concrete support action or resolution. The agent asks a question but does not provide a direct solution or guidance for the tracking issue. Customer reaction is observed, but without a meaningful agent action, the conversation does not provide sufficient evidence for a grounded historical example.",DISAGREE
144,1701059,YES,NO,NO,NO,YES,YES,NO,NO,0.25,"The conversation lacks concrete support actions or observable outcomes. The agent's response is generic and does not provide a specific resolution path or acknowledgment of the issue's impact on the customer. Customer reaction is observed, but it is not clear if it is in response to a specific support action.",DISAGREE
62,830139,NO,NO,NO,NO,YES,NO,YES,YES,0.65,"The conversation lacks a clear customer issue and meaningful support action. The agent's response is generic and does not provide a concrete support route or investigation step. Customer reaction is not observed, and the conversation does not establish a useful support pattern.",AGREE
21,379772,YES,NO,YES,NO,YES,YES,NO,NO,0.65,"The conversation lacks a concrete support action or investigation route. Customer reaction is observed, but without a meaningful agent response or resolution, the evidence is insufficient.",DISAGREE
145,915403,YES,NO,YES,NO,YES,YES,NO,YES,0.65,"The conversation includes a customer's reaction to an agent's message, but there is no clear, concrete support action or investigation route provided. The customer's decision to contact their bank and the mention of a handle not being an Amazon handle suggest confusion and a potential security issue, but these do not directly relate to the initial support request. The DM redirection is noted, but without substantive support evidence, the conversation cannot be considered complete evidence for a support example.",DISAGREE
155,2332742,YES,NO,YES,NO,YES,YES,NO,NO,0.65,"The conversation lacks a clear, concrete support action or investigation route. Customer reactions are present, but without substantive support evidence, the conversation cannot be considered complete for grounded historical examples.",DISAGREE
184,2964021,YES,NO,YES,NO,YES,YES,NO,NO,0.0,"The conversation lacks concrete evidence of a customer issue and meaningful support actions. Customer messages are filled with negative sentiment and frustration without a clear issue being stated. The agent's responses are generic and do not contain specific support actions or investigation routes. There is no observable outcome or customer reaction to a support action, and no DM redirection is observed.",DISAGREE
15,1699752,YES,NO,YES,NO,NO,NO,NO,YES,0.0,"The conversation lacks a concrete support action, observable outcome, and customer reaction to a specific support action. The only action observed is a DM redirect without substantive support evidence.",DISAGREE
141,2827333,NO,NO,NO,NO,NO,NO,YES,YES,0.75,"The conversation lacks a clear customer issue and meaningful support action. The agent's response is generic and does not provide a substantive support action or guidance. The customer's reaction is not observed, and the conversation does not establish a useful support pattern.",AGREE
140,1483559,YES,NO,YES,NO,YES,NO,YES,YES,0.65,"The conversation lacks concrete support actions and observable outcomes. While the agent does redirect to DM, there is no evidence of a meaningful support action or customer reaction to such an action within the transcript.",DISAGREE
76,1616321,NO,NO,NO,NO,YES,YES,NO,NO,0.25,"The conversation lacks a clear, concrete support action or investigation route. The customer's frustration is evident, but without a substantive response from the agent, there's no observable outcome or guidance provided. DM redirection is not present, and the conversation does not contain enough specific details to establish a useful support pattern.",AGREE
80,1034668,NO,NO,NO,NO,NO,NO,YES,YES,0.65,"The conversation lacks concrete support actions or observable outcomes. The agent's response is generic and does not provide a specific action or resolution. The customer's reaction is not observed after a relevant action. DM redirection is used, but without substantive evidence.",AGREE
